Workbook

Sheet Mobile Friendly
A5: FRI | D5: Pool 1 - Main Pool - Scoreboard
A6: Game | B6: Div | C6: Time | D6: Dark vs Light | E6: Pool | F6: Winner
A7: 1 | B7: {=XLOOKUP(A7,'Master Schedule'!$A$10:$A$90,'Master Schedule'!$B$10:$B$90)} -> 18u Boys | C7: {=XLOOKUP(A7,'Master Schedule'!$A$10:$A$90,'Master Schedule'!$D$10:$D$90)} -> 0.64583333 | D7: {=CONCATENATE(XLOOKUP(A7,'Master Schedule'!$A$10:$A$90,'Master Schedule'!$C$10:$C$90)," vs ",(XLOOKUP(A7,'Master Schedule'!$A$10:$A$90,'Master Schedule'!$E$10:$E$90)))} -> Orlando Thunder vs Team Orlando Black | E7: 1 | F7: {=xlookup(A7,Game_Scores!A:A,Game_Scores!J:J)} -> No_score
A8: 2 | B8: {=XLOOKUP(A8,'Master Schedule'!$A$10:$A$90,'Master Schedule'!$B$10:$B$90)} -> 18u Girls | C8: {=XLOOKUP(A8,'Master Schedule'!$A$10:$A$90,'Master Schedule'!$D$10:$D$90)} -> 0.68402778 | D8: {=CONCATENATE(XLOOKUP(A8,'Master Schedule'!$A$10:$A$90,'Master Schedule'!$C$10:$C$90)," vs ",(XLOOKUP(A8,'Master Schedule'!$A$10:$A$90,'Master Schedule'!$E$10:$E$90)))} -> Team Orlando vs Orlando Thunder | E8: 1 | F8: {=xlookup(A8,Game_Scores!A:A,Game_Scores!J:J)} -> No_score
A9: 5 | B9: {=XLOOKUP(A9,'Master Schedule'!$A$10:$A$90,'Master Schedule'!$B$10:$B$90)} -> 16u Girls | C9: {=XLOOKUP(A9,'Master Schedule'!$A$10:$A$90,'Master Schedule'!$D$10:$D$90)} -> 0.72222222 | D9: {=CONCATENATE(XLOOKUP(A9,'Master Schedule'!$A$10:$A$90,'Master Schedule'!$C$10:$C$90)," vs ",(XLOOKUP(A9,'Master Schedule'!$A$10:$A$90,'Master Schedule'!$E$10:$E$90)))} -> Team Orlando vs Orlando Thunder 14 | E9: 1 | F9: {=xlookup(A9,Game_Scores!A:A,Game_Scores!J:J)} -> No_score
A10: 8 | B10: {=XLOOKUP(A10,'Master Schedule'!$A$10:$A$90,'Master Schedule'!$B$10:$B$90)} -> 18u Boys | C10: {=XLOOKUP(A10,'Master Schedule'!$A$10:$A$90,'Master Schedule'!$D$10:$D$90)} -> 0.76041667 | D10: {=CONCATENATE(XLOOKUP(A10,'Master Schedule'!$A$10:$A$90,'Master Schedule'!$C$10:$C$90)," vs ",(XLOOKUP(A10,'Master Schedule'!$A$10:$A$90,'Master Schedule'!$E$10:$E$90)))} -> Team Orlando vs North Idaho | E10: 1 | F10: {=xlookup(A10,Game_Scores!A:A,Game_Scores!J:J)} -> No_score
A11: 11 | B11: {=XLOOKUP(A11,'Master Schedule'!$A$10:$A$90,'Master Schedule'!$B$10:$B$90)} -> 18u Boys | C11: {=XLOOKUP(A11,'Master Schedule'!$A$10:$A$90,'Master Schedule'!$D$10:$D$90)} -> 0.79861111 | D11: {=CONCATENATE(XLOOKUP(A11,'Master Schedule'!$A$10:$A$90,'Master Schedule'!$C$10:$C$90)," vs ",(XLOOKUP(A11,'Master Schedule'!$A$10:$A$90,'Master Schedule'!$E$10:$E$90)))} -> Orlando Thunder vs Orlando United | E11: 1 | F11: {=xlookup(A11,Game_Scores!A:A,Game_Scores!J:J)} -> No_score
A12: 14 | B12: {=XLOOKUP(A12,'Master Schedule'!$A$10:$A$90,'Master Schedule'!$B$10:$B$90)} -> Masters | C12: {=XLOOKUP(A12,'Master Schedule'!$A$10:$A$90,'Master Schedule'!$D$10:$D$90)} -> 0.83333333 | D12: {=CONCATENATE(XLOOKUP(A12,'Master Schedule'!$A$10:$A$90,'Master Schedule'!$C$10:$C$90)," vs ",(XLOOKUP(A12,'Master Schedule'!$A$10:$A$90,'Master Schedule'!$E$10:$E$90)))} -> Team Orlando vs Team Orlando Black | E12: 1 | F12: {=xlookup(A12,Game_Scores!A:A,Game_Scores!J:J)} -> No_score
A13: FRI | D13: Pool 2 - Main Pool - Mid Building
A14: Game | B14: Div | C14: Time | D14: Dark vs Light | F14: Winner
A15: 3 | B15: {=XLOOKUP(A15,'Master Schedule'!$G$10:$G$90,'Master Schedule'!$H$10:$H$90)} -> 16u Boys | C15: {=XLOOKUP(A15,'Master Schedule'!$G$10:$G$90,'Master Schedule'!$J$10:$J$90)} -> 0.68402778 | D15: {=CONCATENATE(XLOOKUP(A15,'Master Schedule'!$G$10:$G$90,'Master Schedule'!$I$10:$I$90)," vs ",(XLOOKUP(A15,'Master Schedule'!$G$10:$G$90,'Master Schedule'!$K$10:$K$90)))} -> Orlando Thunder vs Orlando United | E15: 2 | F15: {=xlookup(A15,Game_Scores!A:A,Game_Scores!J:J)} -> No_score
A16: 6 | B16: {=XLOOKUP(A16,'Master Schedule'!$G$10:$G$90,'Master Schedule'!$H$10:$H$90)} -> 14u CoEd | C16: {=XLOOKUP(A16,'Master Schedule'!$G$10:$G$90,'Master Schedule'!$J$10:$J$90)} -> 0.72222222 | D16: {=CONCATENATE(XLOOKUP(A16,'Master Schedule'!$G$10:$G$90,'Master Schedule'!$I$10:$I$90)," vs ",(XLOOKUP(A16,'Master Schedule'!$G$10:$G$90,'Master Schedule'!$K$10:$K$90)))} -> Team Orlando vs Patriot | E16: 2 | F16: {=xlookup(A16,Game_Scores!A:A,Game_Scores!J:J)} -> No_score
A17: 9 | B17: {=XLOOKUP(A17,'Master Schedule'!$G$10:$G$90,'Master Schedule'!$H$10:$H$90)} -> 16u Girls | C17: {=XLOOKUP(A17,'Master Schedule'!$G$10:$G$90,'Master Schedule'!$J$10:$J$90)} -> 0.76041667 | D17: {=CONCATENATE(XLOOKUP(A17,'Master Schedule'!$G$10:$G$90,'Master Schedule'!$I$10:$I$90)," vs ",(XLOOKUP(A17,'Master Schedule'!$G$10:$G$90,'Master Schedule'!$K$10:$K$90)))} -> Orlando Thunder vs Seminole | E17: 2 | F17: {=xlookup(A17,Game_Scores!A:A,Game_Scores!J:J)} -> No_score
A18: 12 | B18: {=XLOOKUP(A18,'Master Schedule'!$G$10:$G$90,'Master Schedule'!$H$10:$H$90)} -> 16u Boys | C18: {=XLOOKUP(A18,'Master Schedule'!$G$10:$G$90,'Master Schedule'!$J$10:$J$90)} -> 0.79861111 | D18: {=CONCATENATE(XLOOKUP(A18,'Master Schedule'!$G$10:$G$90,'Master Schedule'!$I$10:$I$90)," vs ",(XLOOKUP(A18,'Master Schedule'!$G$10:$G$90,'Master Schedule'!$K$10:$K$90)))} -> Team Orlando vs Dynamo | E18: 2 | F18: {=xlookup(A18,Game_Scores!A:A,Game_Scores!J:J)} -> No_score
A19: FRI | D19: Pool 3 - Dive Well
A20: Game | B20: Div | C20: Time | D20: Dark vs Light | F20: Winner
A21: 4 | B21: {=XLOOKUP(A21,'Master Schedule'!$A$10:$A$90,'Master Schedule'!$B$10:$B$90)} -> 16u Girls | C21: {=XLOOKUP(A21,'Master Schedule'!$A$10:$A$90,'Master Schedule'!$D$10:$D$90)} -> 0.68402778 | D21: {=CONCATENATE(XLOOKUP(A21,'Master Schedule'!$A$10:$A$90,'Master Schedule'!$C$10:$C$90)," vs ",(XLOOKUP(A21,'Master Schedule'!$A$10:$A$90,'Master Schedule'!$E$10:$E$90)))} -> Orlando Thunder vs Patriot | E21: 3 | F21: {=xlookup(A21,Game_Scores!A:A,Game_Scores!J:J)} -> No_score
A22: 7 | B22: {=XLOOKUP(A22,'Master Schedule'!$A$10:$A$90,'Master Schedule'!$B$10:$B$90)} -> 14u CoEd | C22: {=XLOOKUP(A22,'Master Schedule'!$A$10:$A$90,'Master Schedule'!$D$10:$D$90)} -> 0.72222222 | D22: {=CONCATENATE(XLOOKUP(A22,'Master Schedule'!$A$10:$A$90,'Master Schedule'!$C$10:$C$90)," vs ",(XLOOKUP(A22,'Master Schedule'!$A$10:$A$90,'Master Schedule'!$E$10:$E$90)))} -> Orlando Thunder vs Orlando United | E22: 3 | F22: {=xlookup(A22,Game_Scores!A:A,Game_Scores!J:J)} -> No_score
A23: 10 | B23: {=XLOOKUP(A23,'Master Schedule'!$A$10:$A$90,'Master Schedule'!$B$10:$B$90)} -> 12u CoEd | C23: {=XLOOKUP(A23,'Master Schedule'!$A$10:$A$90,'Master Schedule'!$D$10:$D$90)} -> 0.76041667 | D23: {=CONCATENATE(XLOOKUP(A23,'Master Schedule'!$A$10:$A$90,'Master Schedule'!$C$10:$C$90)," vs ",(XLOOKUP(A23,'Master Schedule'!$A$10:$A$90,'Master Schedule'!$E$10:$E$90)))} -> Team Orlando vs Patriot | E23: 3 | F23: {=xlookup(A23,Game_Scores!A:A,Game_Scores!J:J)} -> No_score
A24: 13 | B24: {=XLOOKUP(A24,'Master Schedule'!$A$10:$A$90,'Master Schedule'!$B$10:$B$90)} -> 10u CoEd | C24: {=XLOOKUP(A24,'Master Schedule'!$A$10:$A$90,'Master Schedule'!$D$10:$D$90)} -> 0.79861111 | D24: {=CONCATENATE(XLOOKUP(A24,'Master Schedule'!$A$10:$A$90,'Master Schedule'!$C$10:$C$90)," vs ",(XLOOKUP(A24,'Master Schedule'!$A$10:$A$90,'Master Schedule'!$E$10:$E$90)))} -> Team Orlando vs Orlando Thunder | E24: 3 | F24: {=xlookup(A24,Game_Scores!A:A,Game_Scores!J:J)} -> No_score
A25: SAT | D25: Pool 1 - Main Pool - Mid Building
A26: Game | B26: Div | C26: Time | D26: Dark vs Light | F26: Winner
A27: 15 | B27: {=XLOOKUP(A27,'Master Schedule'!$A$10:$A$90,'Master Schedule'!$B$10:$B$90)} -> 18u Boys | C27: {=XLOOKUP(A27,'Master Schedule'!$A$10:$A$90,'Master Schedule'!$D$10:$D$90)} -> 0.29166667 | D27: {=CONCATENATE(XLOOKUP(A27,'Master Schedule'!$A$10:$A$90,'Master Schedule'!$C$10:$C$90)," vs ",(XLOOKUP(A27,'Master Schedule'!$A$10:$A$90,'Master Schedule'!$E$10:$E$90)))} -> Team Orlando vs Nextlevel | E27: 1 | F27: {=xlookup(A27,Game_Scores!A:A,Game_Scores!J:J)} -> No_score
A28: 18 | B28: {=XLOOKUP(A28,'Master Schedule'!$A$10:$A$90,'Master Schedule'!$B$10:$B$90)} -> 18u Boys | C28: {=XLOOKUP(A28,'Master Schedule'!$A$10:$A$90,'Master Schedule'!$D$10:$D$90)} -> 0.32986111 | D28: {=CONCATENATE(XLOOKUP(A28,'Master Schedule'!$A$10:$A$90,'Master Schedule'!$C$10:$C$90)," vs ",(XLOOKUP(A28,'Master Schedule'!$A$10:$A$90,'Master Schedule'!$E$10:$E$90)))} -> Gladiators vs Marlins | E28: 1 | F28: {=xlookup(A28,Game_Scores!A:A,Game_Scores!J:J)} -> No_score
A29: 21 | B29: {=XLOOKUP(A29,'Master Schedule'!$A$10:$A$90,'Master Schedule'!$B$10:$B$90)} -> 18u Boys | C29: {=XLOOKUP(A29,'Master Schedule'!$A$10:$A$90,'Master Schedule'!$D$10:$D$90)} -> 0.36805556 | D29: {=CONCATENATE(XLOOKUP(A29,'Master Schedule'!$A$10:$A$90,'Master Schedule'!$C$10:$C$90)," vs ",(XLOOKUP(A29,'Master Schedule'!$A$10:$A$90,'Master Schedule'!$E$10:$E$90)))} -> Orlando United vs Team Orlando Black | E29: 1 | F29: {=xlookup(A29,Game_Scores!A:A,Game_Scores!J:J)} -> No_score
A30: 24 | B30: {=XLOOKUP(A30,'Master Schedule'!$A$10:$A$90,'Master Schedule'!$B$10:$B$90)} -> 18u Boys | C30: {=XLOOKUP(A30,'Master Schedule'!$A$10:$A$90,'Master Schedule'!$D$10:$D$90)} -> 0.40625 | D30: {=CONCATENATE(XLOOKUP(A30,'Master Schedule'!$A$10:$A$90,'Master Schedule'!$C$10:$C$90)," vs ",(XLOOKUP(A30,'Master Schedule'!$A$10:$A$90,'Master Schedule'!$E$10:$E$90)))} -> North Idaho vs Nextlevel | E30: 1 | F30: {=xlookup(A30,Game_Scores!A:A,Game_Scores!J:J)} -> No_score
A31: 27 | B31: {=XLOOKUP(A31,'Master Schedule'!$A$10:$A$90,'Master Schedule'!$B$10:$B$90)} -> Masters | C31: {=XLOOKUP(A31,'Master Schedule'!$A$10:$A$90,'Master Schedule'!$D$10:$D$90)} -> 0.44444444 | D31: {=CONCATENATE(XLOOKUP(A31,'Master Schedule'!$A$10:$A$90,'Master Schedule'!$C$10:$C$90)," vs ",(XLOOKUP(A31,'Master Schedule'!$A$10:$A$90,'Master Schedule'!$E$10:$E$90)))} -> Team Orlando vs Patriot | E31: 1 | F31: {=xlookup(A31,Game_Scores!A:A,Game_Scores!J:J)} -> No_score
A32: 30 | B32: {=XLOOKUP(A32,'Master Schedule'!$A$10:$A$90,'Master Schedule'!$B$10:$B$90)} -> 18u Boys | C32: {=XLOOKUP(A32,'Master Schedule'!$A$10:$A$90,'Master Schedule'!$D$10:$D$90)} -> 0.48263889 | D32: {=CONCATENATE(XLOOKUP(A32,'Master Schedule'!$A$10:$A$90,'Master Schedule'!$C$10:$C$90)," vs ",(XLOOKUP(A32,'Master Schedule'!$A$10:$A$90,'Master Schedule'!$E$10:$E$90)))} -> Blue Dolfins vs Marlins | E32: 1 | F32: {=xlookup(A32,Game_Scores!A:A,Game_Scores!J:J)} -> No_score
A33: 33 | B33: {=XLOOKUP(A33,'Master Schedule'!$A$10:$A$90,'Master Schedule'!$B$10:$B$90)} -> Masters | C33: {=XLOOKUP(A33,'Master Schedule'!$A$10:$A$90,'Master Schedule'!$D$10:$D$90)} -> 0.52083333 | D33: {=CONCATENATE(XLOOKUP(A33,'Master Schedule'!$A$10:$A$90,'Master Schedule'!$C$10:$C$90)," vs ",(XLOOKUP(A33,'Master Schedule'!$A$10:$A$90,'Master Schedule'!$E$10:$E$90)))} -> Orlando Thunder vs Tampa | E33: 1 | F33: {=xlookup(A33,Game_Scores!A:A,Game_Scores!J:J)} -> No_score
A34: 36 | B34: {=XLOOKUP(A34,'Master Schedule'!$A$10:$A$90,'Master Schedule'!$B$10:$B$90)} -> Masters | C34: {=XLOOKUP(A34,'Master Schedule'!$A$10:$A$90,'Master Schedule'!$D$10:$D$90)} -> 0.55902778 | D34: {=CONCATENATE(XLOOKUP(A34,'Master Schedule'!$A$10:$A$90,'Master Schedule'!$C$10:$C$90)," vs ",(XLOOKUP(A34,'Master Schedule'!$A$10:$A$90,'Master Schedule'!$E$10:$E$90)))} -> Patriot vs Team Orlando Black | E34: 1 | F34: {=xlookup(A34,Game_Scores!A:A,Game_Scores!J:J)} -> No_score
A35: 39 | B35: {=XLOOKUP(A35,'Master Schedule'!$A$10:$A$90,'Master Schedule'!$B$10:$B$90)} -> 18u Boys | C35: {=XLOOKUP(A35,'Master Schedule'!$A$10:$A$90,'Master Schedule'!$D$10:$D$90)} -> 0.59722222 | D35: {=CONCATENATE(XLOOKUP(A35,'Master Schedule'!$A$10:$A$90,'Master Schedule'!$C$10:$C$90)," vs ",(XLOOKUP(A35,'Master Schedule'!$A$10:$A$90,'Master Schedule'!$E$10:$E$90)))} -> Gladiators vs Blue Dolfins | E35: 1 | F35: {=xlookup(A35,Game_Scores!A:A,Game_Scores!J:J)} -> No_score
A36: 42 | B36: {=XLOOKUP(A36,'Master Schedule'!$A$10:$A$90,'Master Schedule'!$B$10:$B$90)} -> Masters | C36: {=XLOOKUP(A36,'Master Schedule'!$A$10:$A$90,'Master Schedule'!$D$10:$D$90)} -> 0.63541667 | D36: {=CONCATENATE(XLOOKUP(A36,'Master Schedule'!$A$10:$A$90,'Master Schedule'!$C$10:$C$90)," vs ",(XLOOKUP(A36,'Master Schedule'!$A$10:$A$90,'Master Schedule'!$E$10:$E$90)))} -> Team Orlando vs Tampa | E36: 1 | F36: {=xlookup(A36,Game_Scores!A:A,Game_Scores!J:J)} -> No_score
A37: 45 | B37: {=XLOOKUP(A37,'Master Schedule'!$A$10:$A$90,'Master Schedule'!$B$10:$B$90)} -> Masters | C37: {=XLOOKUP(A37,'Master Schedule'!$A$10:$A$90,'Master Schedule'!$D$10:$D$90)} -> 0.67361111 | D37: {=CONCATENATE(XLOOKUP(A37,'Master Schedule'!$A$10:$A$90,'Master Schedule'!$C$10:$C$90)," vs ",(XLOOKUP(A37,'Master Schedule'!$A$10:$A$90,'Master Schedule'!$E$10:$E$90)))} -> Orlando Thunder vs Patriot | E37: 1 | F37: {=xlookup(A37,Game_Scores!A:A,Game_Scores!J:J)} -> No_score
A38: 47 | B38: {=XLOOKUP(A38,'Master Schedule'!$A$10:$A$90,'Master Schedule'!$B$10:$B$90)} -> 18u Boys | C38: {=XLOOKUP(A38,'Master Schedule'!$A$10:$A$90,'Master Schedule'!$D$10:$D$90)} -> 0.71180556 | D38: {=CONCATENATE(XLOOKUP(A38,'Master Schedule'!$A$10:$A$90,'Master Schedule'!$C$10:$C$90)," vs ",(XLOOKUP(A38,'Master Schedule'!$A$10:$A$90,'Master Schedule'!$E$10:$E$90)))} -> 3M vs 3N | E38: 1 | F38: {=xlookup(A38,Game_Scores!A:A,Game_Scores!J:J)} -> No_score
... A41: 56 | B41: {=XLOOKUP(A41,'Master Schedule'!$A$10:$A$90,'Master Schedule'!$B$10:$B$90)} -> 18u Boys | C41: {=XLOOKUP(A41,'Master Schedule'!$A$10:$A$90,'Master Schedule'!$D$10:$D$90)} -> 0.82638889 | D41: {=CONCATENATE(XLOOKUP(A41,'Master Schedule'!$A$10:$A$90,'Master Schedule'!$C$10:$C$90)," vs ",(XLOOKUP(A41,'Master Schedule'!$A$10:$A$90,'Master Schedule'!$E$10:$E$90)))} -> 1M vs 1O | E41: 1 | F41: {=xlookup(A41,Game_Scores!A:A,Game_Scores!J:J)} -> No_score
A42: SAT | D42: Pool 2 - Main Pool - Mid Building
A43: Game | B43: Div | C43: Time | D43: Dark vs Light | F43: Winner
A44: 16 | B44: {=XLOOKUP(A44,'Master Schedule'!$G$10:$G$90,'Master Schedule'!$H$10:$H$90)} -> 16u Boys | C44: {=XLOOKUP(A44,'Master Schedule'!$G$10:$G$90,'Master Schedule'!$J$10:$J$90)} -> 0.29166667 | D44: {=CONCATENATE(XLOOKUP(A44,'Master Schedule'!$G$10:$G$90,'Master Schedule'!$I$10:$I$90)," vs ",(XLOOKUP(A44,'Master Schedule'!$G$10:$G$90,'Master Schedule'!$K$10:$K$90)))} -> Wolverines vs Seminole | E44: 2 | F44: {=xlookup(A44,Game_Scores!A:A,Game_Scores!J:J)} -> No_score
A45: 19 | B45: {=XLOOKUP(A45,'Master Schedule'!$G$10:$G$90,'Master Schedule'!$H$10:$H$90)} -> 18u Girls | C45: {=XLOOKUP(A45,'Master Schedule'!$G$10:$G$90,'Master Schedule'!$J$10:$J$90)} -> 0.32986111 | D45: {=CONCATENATE(XLOOKUP(A45,'Master Schedule'!$G$10:$G$90,'Master Schedule'!$I$10:$I$90)," vs ",(XLOOKUP(A45,'Master Schedule'!$G$10:$G$90,'Master Schedule'!$K$10:$K$90)))} -> Team Orlando vs Patriot | E45: 2 | F45: {=xlookup(A45,Game_Scores!A:A,Game_Scores!J:J)} -> No_score
A46: 22 | B46: {=XLOOKUP(A46,'Master Schedule'!$G$10:$G$90,'Master Schedule'!$H$10:$H$90)} -> 16u Boys | C46: {=XLOOKUP(A46,'Master Schedule'!$G$10:$G$90,'Master Schedule'!$J$10:$J$90)} -> 0.36805556 | D46: {=CONCATENATE(XLOOKUP(A46,'Master Schedule'!$G$10:$G$90,'Master Schedule'!$I$10:$I$90)," vs ",(XLOOKUP(A46,'Master Schedule'!$G$10:$G$90,'Master Schedule'!$K$10:$K$90)))} -> Orlando Thunder vs Gladiators | E46: 2 | F46: {=xlookup(A46,Game_Scores!A:A,Game_Scores!J:J)} -> No_score
A47: 25 | B47: {=XLOOKUP(A47,'Master Schedule'!$G$10:$G$90,'Master Schedule'!$H$10:$H$90)} -> 16u Girls | C47: {=XLOOKUP(A47,'Master Schedule'!$G$10:$G$90,'Master Schedule'!$J$10:$J$90)} -> 0.40625 | D47: {=CONCATENATE(XLOOKUP(A47,'Master Schedule'!$G$10:$G$90,'Master Schedule'!$I$10:$I$90)," vs ",(XLOOKUP(A47,'Master Schedule'!$G$10:$G$90,'Master Schedule'!$K$10:$K$90)))} -> Team Orlando vs Orlando United | E47: 2 | F47: {=xlookup(A47,Game_Scores!A:A,Game_Scores!J:J)} -> No_score
A48: 28 | B48: {=XLOOKUP(A48,'Master Schedule'!$G$10:$G$90,'Master Schedule'!$H$10:$H$90)} -> 16u Girls | C48: {=XLOOKUP(A48,'Master Schedule'!$G$10:$G$90,'Master Schedule'!$J$10:$J$90)} -> 0.44444444 | D48: {=CONCATENATE(XLOOKUP(A48,'Master Schedule'!$G$10:$G$90,'Master Schedule'!$I$10:$I$90)," vs ",(XLOOKUP(A48,'Master Schedule'!$G$10:$G$90,'Master Schedule'!$K$10:$K$90)))} -> Seminole vs Patriot | E48: 2 | F48: {=xlookup(A48,Game_Scores!A:A,Game_Scores!J:J)} -> No_score
A49: 31 | B49: {=XLOOKUP(A49,'Master Schedule'!$G$10:$G$90,'Master Schedule'!$H$10:$H$90)} -> 16u Boys | C49: {=XLOOKUP(A49,'Master Schedule'!$G$10:$G$90,'Master Schedule'!$J$10:$J$90)} -> 0.48263889 | D49: {=CONCATENATE(XLOOKUP(A49,'Master Schedule'!$G$10:$G$90,'Master Schedule'!$I$10:$I$90)," vs ",(XLOOKUP(A49,'Master Schedule'!$G$10:$G$90,'Master Schedule'!$K$10:$K$90)))} -> Orlando United vs Marlins | E49: 2 | F49: {=xlookup(A49,Game_Scores!A:A,Game_Scores!J:J)} -> No_score
A50: 34 | B50: {=XLOOKUP(A50,'Master Schedule'!$G$10:$G$90,'Master Schedule'!$H$10:$H$90)} -> 16u Boys | C50: {=XLOOKUP(A50,'Master Schedule'!$G$10:$G$90,'Master Schedule'!$J$10:$J$90)} -> 0.52083333 | D50: {=CONCATENATE(XLOOKUP(A50,'Master Schedule'!$G$10:$G$90,'Master Schedule'!$I$10:$I$90)," vs ",(XLOOKUP(A50,'Master Schedule'!$G$10:$G$90,'Master Schedule'!$K$10:$K$90)))} -> Dynamo vs Seminole | E50: 2 | F50: {=xlookup(A50,Game_Scores!A:A,Game_Scores!J:J)} -> No_score
A51: 37 | B51: {=XLOOKUP(A51,'Master Schedule'!$G$10:$G$90,'Master Schedule'!$H$10:$H$90)} -> 18u Girls | C51: {=XLOOKUP(A51,'Master Schedule'!$G$10:$G$90,'Master Schedule'!$J$10:$J$90)} -> 0.55902778 | D51: {=CONCATENATE(XLOOKUP(A51,'Master Schedule'!$G$10:$G$90,'Master Schedule'!$I$10:$I$90)," vs ",(XLOOKUP(A51,'Master Schedule'!$G$10:$G$90,'Master Schedule'!$K$10:$K$90)))} -> Patriot vs Orlando Thunder | E51: 2 | F51: {=xlookup(A51,Game_Scores!A:A,Game_Scores!J:J)} -> No_score
A52: 40 | B52: {=XLOOKUP(A52,'Master Schedule'!$G$10:$G$90,'Master Schedule'!$H$10:$H$90)} -> 16u Girls | C52: {=XLOOKUP(A52,'Master Schedule'!$G$10:$G$90,'Master Schedule'!$J$10:$J$90)} -> 0.59722222 | D52: {=CONCATENATE(XLOOKUP(A52,'Master Schedule'!$G$10:$G$90,'Master Schedule'!$I$10:$I$90)," vs ",(XLOOKUP(A52,'Master Schedule'!$G$10:$G$90,'Master Schedule'!$K$10:$K$90)))} -> Orlando United vs Orlando Thunder 14 | E52: 2 | F52: {=xlookup(A52,Game_Scores!A:A,Game_Scores!J:J)} -> No_score
A53: 43 | B53: {=XLOOKUP(A53,'Master Schedule'!$G$10:$G$90,'Master Schedule'!$H$10:$H$90)} -> 16u Boys | C53: {=XLOOKUP(A53,'Master Schedule'!$G$10:$G$90,'Master Schedule'!$J$10:$J$90)} -> 0.63541667 | D53: {=CONCATENATE(XLOOKUP(A53,'Master Schedule'!$G$10:$G$90,'Master Schedule'!$I$10:$I$90)," vs ",(XLOOKUP(A53,'Master Schedule'!$G$10:$G$90,'Master Schedule'!$K$10:$K$90)))} -> Gladiators vs Orlando United | E53: 2 | F53: {=xlookup(A53,Game_Scores!A:A,Game_Scores!J:J)} -> No_score
A54: 46 | B54: {=XLOOKUP(A54,'Master Schedule'!$G$10:$G$90,'Master Schedule'!$H$10:$H$90)} -> 16u Boys | C54: {=XLOOKUP(A54,'Master Schedule'!$G$10:$G$90,'Master Schedule'!$J$10:$J$90)} -> 0.67361111 | D54: {=CONCATENATE(XLOOKUP(A54,'Master Schedule'!$G$10:$G$90,'Master Schedule'!$I$10:$I$90)," vs ",(XLOOKUP(A54,'Master Schedule'!$G$10:$G$90,'Master Schedule'!$K$10:$K$90)))} -> Orlando Thunder vs Marlins | E54: 2 | F54: {=xlookup(A54,Game_Scores!A:A,Game_Scores!J:J)} -> No_score
A55: 48 | B55: {=XLOOKUP(A55,'Master Schedule'!$G$10:$G$90,'Master Schedule'!$H$10:$H$90)} -> 16u Boys | C55: {=XLOOKUP(A55,'Master Schedule'!$G$10:$G$90,'Master Schedule'!$J$10:$J$90)} -> 0.71180556 | D55: {=CONCATENATE(XLOOKUP(A55,'Master Schedule'!$G$10:$G$90,'Master Schedule'!$I$10:$I$90)," vs ",(XLOOKUP(A55,'Master Schedule'!$G$10:$G$90,'Master Schedule'!$K$10:$K$90)))} -> Wolverines vs Dynamo | E55: 2 | F55: {=xlookup(A55,Game_Scores!A:A,Game_Scores!J:J)} -> No_score
... A58: 57 | B58: {=XLOOKUP(A58,'Master Schedule'!$G$10:$G$90,'Master Schedule'!$H$10:$H$90)} -> 14u CoEd | C58: {=XLOOKUP(A58,'Master Schedule'!$G$10:$G$90,'Master Schedule'!$J$10:$J$90)} -> 0.82638889 | D58: {=CONCATENATE(XLOOKUP(A58,'Master Schedule'!$G$10:$G$90,'Master Schedule'!$I$10:$I$90)," vs ",(XLOOKUP(A58,'Master Schedule'!$G$10:$G$90,'Master Schedule'!$K$10:$K$90)))} -> 3D vs 3E | E58: 2 | F58: {=xlookup(A58,Game_Scores!A:A,Game_Scores!J:J)} -> No_score
A59: SAT | D59: Pool 3 - Dive Well
A60: Game | B60: Div | C60: Time | D60: Dark vs Light | F60: Winner
A61: 17 | B61: {=XLOOKUP(A61,'Master Schedule'!$A$10:$A$90,'Master Schedule'!$B$10:$B$90)} -> 12u CoEd | C61: {=XLOOKUP(A61,'Master Schedule'!$A$10:$A$90,'Master Schedule'!$D$10:$D$90)} -> 0.29166667 | D61: {=CONCATENATE(XLOOKUP(A61,'Master Schedule'!$A$10:$A$90,'Master Schedule'!$C$10:$C$90)," vs ",(XLOOKUP(A61,'Master Schedule'!$A$10:$A$90,'Master Schedule'!$E$10:$E$90)))} -> Team Orlando vs Orlando Thunder | E61: 3 | F61: {=xlookup(A61,Game_Scores!A:A,Game_Scores!J:J)} -> No_score
A62: 20 | B62: {=XLOOKUP(A62,'Master Schedule'!$A$10:$A$90,'Master Schedule'!$B$10:$B$90)} -> 12u CoEd | C62: {=XLOOKUP(A62,'Master Schedule'!$A$10:$A$90,'Master Schedule'!$D$10:$D$90)} -> 0.32986111 | D62: {=CONCATENATE(XLOOKUP(A62,'Master Schedule'!$A$10:$A$90,'Master Schedule'!$C$10:$C$90)," vs ",(XLOOKUP(A62,'Master Schedule'!$A$10:$A$90,'Master Schedule'!$E$10:$E$90)))} -> Gladiators vs Patriot | E62: 3 | F62: {=xlookup(A62,Game_Scores!A:A,Game_Scores!J:J)} -> No_score
A63: 23 | B63: {=XLOOKUP(A63,'Master Schedule'!$A$10:$A$90,'Master Schedule'!$B$10:$B$90)} -> 10u CoEd | C63: {=XLOOKUP(A63,'Master Schedule'!$A$10:$A$90,'Master Schedule'!$D$10:$D$90)} -> 0.36805556 | D63: {=CONCATENATE(XLOOKUP(A63,'Master Schedule'!$A$10:$A$90,'Master Schedule'!$C$10:$C$90)," vs ",(XLOOKUP(A63,'Master Schedule'!$A$10:$A$90,'Master Schedule'!$E$10:$E$90)))} -> Orlando Thunder vs Team Orlando | E63: 3 | F63: {=xlookup(A63,Game_Scores!A:A,Game_Scores!J:J)} -> No_score
A64: 26 | B64: {=XLOOKUP(A64,'Master Schedule'!$A$10:$A$90,'Master Schedule'!$B$10:$B$90)} -> 14u CoEd | C64: {=XLOOKUP(A64,'Master Schedule'!$A$10:$A$90,'Master Schedule'!$D$10:$D$90)} -> 0.40625 | D64: {=CONCATENATE(XLOOKUP(A64,'Master Schedule'!$A$10:$A$90,'Master Schedule'!$C$10:$C$90)," vs ",(XLOOKUP(A64,'Master Schedule'!$A$10:$A$90,'Master Schedule'!$E$10:$E$90)))} -> Patriot vs Wolverines Blue | E64: 3 | F64: {=xlookup(A64,Game_Scores!A:A,Game_Scores!J:J)} -> No_score
A65: 29 | B65: {=XLOOKUP(A65,'Master Schedule'!$A$10:$A$90,'Master Schedule'!$B$10:$B$90)} -> 14u CoEd | C65: {=XLOOKUP(A65,'Master Schedule'!$A$10:$A$90,'Master Schedule'!$D$10:$D$90)} -> 0.44444444 | D65: {=CONCATENATE(XLOOKUP(A65,'Master Schedule'!$A$10:$A$90,'Master Schedule'!$C$10:$C$90)," vs ",(XLOOKUP(A65,'Master Schedule'!$A$10:$A$90,'Master Schedule'!$E$10:$E$90)))} -> Orlando Thunder vs St. Andrews | E65: 3 | F65: {=xlookup(A65,Game_Scores!A:A,Game_Scores!J:J)} -> No_score
A66: 32 | B66: {=XLOOKUP(A66,'Master Schedule'!$A$10:$A$90,'Master Schedule'!$B$10:$B$90)} -> 14u CoEd | C66: {=XLOOKUP(A66,'Master Schedule'!$A$10:$A$90,'Master Schedule'!$D$10:$D$90)} -> 0.48263889 | D66: {=CONCATENATE(XLOOKUP(A66,'Master Schedule'!$A$10:$A$90,'Master Schedule'!$C$10:$C$90)," vs ",(XLOOKUP(A66,'Master Schedule'!$A$10:$A$90,'Master Schedule'!$E$10:$E$90)))} -> Seminole vs Gladiators | E66: 3 | F66: {=xlookup(A66,Game_Scores!A:A,Game_Scores!J:J)} -> No_score
A67: 35 | B67: {=XLOOKUP(A67,'Master Schedule'!$A$10:$A$90,'Master Schedule'!$B$10:$B$90)} -> 14u CoEd | C67: {=XLOOKUP(A67,'Master Schedule'!$A$10:$A$90,'Master Schedule'!$D$10:$D$90)} -> 0.52083333 | D67: {=CONCATENATE(XLOOKUP(A67,'Master Schedule'!$A$10:$A$90,'Master Schedule'!$C$10:$C$90)," vs ",(XLOOKUP(A67,'Master Schedule'!$A$10:$A$90,'Master Schedule'!$E$10:$E$90)))} -> Team Orlando vs Wolverines Blue | E67: 3 | F67: {=xlookup(A67,Game_Scores!A:A,Game_Scores!J:J)} -> No_score
A68: 38 | B68: {=XLOOKUP(A68,'Master Schedule'!$A$10:$A$90,'Master Schedule'!$B$10:$B$90)} -> 12u CoEd | C68: {=XLOOKUP(A68,'Master Schedule'!$A$10:$A$90,'Master Schedule'!$D$10:$D$90)} -> 0.55902778 | D68: {=CONCATENATE(XLOOKUP(A68,'Master Schedule'!$A$10:$A$90,'Master Schedule'!$C$10:$C$90)," vs ",(XLOOKUP(A68,'Master Schedule'!$A$10:$A$90,'Master Schedule'!$E$10:$E$90)))} -> Orlando Thunder vs Gladiators | E68: 3 | F68: {=xlookup(A68,Game_Scores!A:A,Game_Scores!J:J)} -> No_score
A69: 41 | B69: {=XLOOKUP(A69,'Master Schedule'!$A$10:$A$90,'Master Schedule'!$B$10:$B$90)} -> 14u CoEd | C69: {=XLOOKUP(A69,'Master Schedule'!$A$10:$A$90,'Master Schedule'!$D$10:$D$90)} -> 0.59722222 | D69: {=CONCATENATE(XLOOKUP(A69,'Master Schedule'!$A$10:$A$90,'Master Schedule'!$C$10:$C$90)," vs ",(XLOOKUP(A69,'Master Schedule'!$A$10:$A$90,'Master Schedule'!$E$10:$E$90)))} -> Seminole vs Wolverines Yellow | E69: 3 | F69: {=xlookup(A69,Game_Scores!A:A,Game_Scores!J:J)} -> No_score
A70: 44 | B70: {=XLOOKUP(A70,'Master Schedule'!$A$10:$A$90,'Master Schedule'!$B$10:$B$90)} -> 14u CoEd | C70: {=XLOOKUP(A70,'Master Schedule'!$A$10:$A$90,'Master Schedule'!$D$10:$D$90)} -> 0.63541667 | D70: {=CONCATENATE(XLOOKUP(A70,'Master Schedule'!$A$10:$A$90,'Master Schedule'!$C$10:$C$90)," vs ",(XLOOKUP(A70,'Master Schedule'!$A$10:$A$90,'Master Schedule'!$E$10:$E$90)))} -> St. Andrews vs Orlando United | E70: 3 | F70: {=xlookup(A70,Game_Scores!A:A,Game_Scores!J:J)} -> No_score
B71: BREAK | C71: 0.67361111 | D71: BREAK | E71: 3 | F71: BREAK
A72: 49 | B72: {=XLOOKUP(A72,'Master Schedule'!$A$10:$A$90,'Master Schedule'!$B$10:$B$90)} -> 14u CoEd | C72: {=XLOOKUP(A72,'Master Schedule'!$A$10:$A$90,'Master Schedule'!$D$10:$D$90)} -> 0.71180556 | D72: {=CONCATENATE(XLOOKUP(A72,'Master Schedule'!$A$10:$A$90,'Master Schedule'!$C$10:$C$90)," vs ",(XLOOKUP(A72,'Master Schedule'!$A$10:$A$90,'Master Schedule'!$E$10:$E$90)))} -> Gladiators vs Wolverines Yellow | E72: 3 | F72: {=xlookup(A72,Game_Scores!A:A,Game_Scores!J:J)} -> No_score
A73: 52 | B73: {=XLOOKUP(A73,'Master Schedule'!$A$10:$A$90,'Master Schedule'!$B$10:$B$90)} -> 16u Girls | C73: {=XLOOKUP(A73,'Master Schedule'!$A$10:$A$90,'Master Schedule'!$D$10:$D$90)} -> 0.75 | D73: {=CONCATENATE(XLOOKUP(A73,'Master Schedule'!$A$10:$A$90,'Master Schedule'!$C$10:$C$90)," vs ",(XLOOKUP(A73,'Master Schedule'!$A$10:$A$90,'Master Schedule'!$E$10:$E$90)))} -> 2F vs 3G | E73: 3 | F73: {=xlookup(A73,Game_Scores!A:A,Game_Scores!J:J)} -> No_score
A74: 55 | B74: {=XLOOKUP(A74,'Master Schedule'!$A$10:$A$90,'Master Schedule'!$B$10:$B$90)} -> 12u CoEd | C74: {=XLOOKUP(A74,'Master Schedule'!$A$10:$A$90,'Master Schedule'!$D$10:$D$90)} -> 0.78819444 | D74: {=CONCATENATE(XLOOKUP(A74,'Master Schedule'!$A$10:$A$90,'Master Schedule'!$C$10:$C$90)," vs ",(XLOOKUP(A74,'Master Schedule'!$A$10:$A$90,'Master Schedule'!$E$10:$E$90)))} -> Orlando Thunder vs Patriot | E74: 3 | F74: {=xlookup(A74,Game_Scores!A:A,Game_Scores!J:J)} -> No_score
A75: 58 | B75: {=XLOOKUP(A75,'Master Schedule'!$A$10:$A$90,'Master Schedule'!$B$10:$B$90)} -> 12u CoEd | C75: {=XLOOKUP(A75,'Master Schedule'!$A$10:$A$90,'Master Schedule'!$D$10:$D$90)} -> 0.82638889 | D75: {=CONCATENATE(XLOOKUP(A75,'Master Schedule'!$A$10:$A$90,'Master Schedule'!$C$10:$C$90)," vs ",(XLOOKUP(A75,'Master Schedule'!$A$10:$A$90,'Master Schedule'!$E$10:$E$90)))} -> Team Orlando vs Gladiators | E75: 3 | F75: {=xlookup(A75,Game_Scores!A:A,Game_Scores!J:J)} -> No_score
A76: SUN | D76: Pool 1 - Main Pool - Scoreboard
A77: Game | B77: Div | C77: Time | D77: Dark vs Light | F77: Winner
A78: 59 | B78: {=XLOOKUP(A78,'Master Schedule'!$A$10:$A$90,'Master Schedule'!$B$10:$B$90)} -> 18u Boys | C78: {=XLOOKUP(A78,'Master Schedule'!$A$10:$A$90,'Master Schedule'!$D$10:$D$90)} -> 0.29166667 | D78: {=CONCATENATE(XLOOKUP(A78,'Master Schedule'!$A$10:$A$90,'Master Schedule'!$C$10:$C$90)," vs ",(XLOOKUP(A78,'Master Schedule'!$A$10:$A$90,'Master Schedule'!$E$10:$E$90)))} -> 3N vs 3O | E78: 1 | F78: {=xlookup(A78,Game_Scores!A:A,Game_Scores!J:J)} -> No_score
A79: 62 | B79: {=XLOOKUP(A79,'Master Schedule'!$A$10:$A$90,'Master Schedule'!$B$10:$B$90)} -> 18u Boys | C79: {=XLOOKUP(A79,'Master Schedule'!$A$10:$A$90,'Master Schedule'!$D$10:$D$90)} -> 0.32986111 | D79: {=CONCATENATE(XLOOKUP(A79,'Master Schedule'!$A$10:$A$90,'Master Schedule'!$C$10:$C$90)," vs ",(XLOOKUP(A79,'Master Schedule'!$A$10:$A$90,'Master Schedule'!$E$10:$E$90)))} -> 2M vs 2N | E79: 1 | F79: {=xlookup(A79,Game_Scores!A:A,Game_Scores!J:J)} -> No_score
A80: 65 | B80: {=XLOOKUP(A80,'Master Schedule'!$A$10:$A$90,'Master Schedule'!$B$10:$B$90)} -> 18u Boys | C80: {=XLOOKUP(A80,'Master Schedule'!$A$10:$A$90,'Master Schedule'!$D$10:$D$90)} -> 0.36805556 | D80: {=CONCATENATE(XLOOKUP(A80,'Master Schedule'!$A$10:$A$90,'Master Schedule'!$C$10:$C$90)," vs ",(XLOOKUP(A80,'Master Schedule'!$A$10:$A$90,'Master Schedule'!$E$10:$E$90)))} -> 1M vs 1N | E80: 1 | F80: {=xlookup(A80,Game_Scores!A:A,Game_Scores!J:J)} -> No_score
A81: 68 | B81: {=XLOOKUP(A81,'Master Schedule'!$A$10:$A$90,'Master Schedule'!$B$10:$B$90)} -> Masters | C81: {=XLOOKUP(A81,'Master Schedule'!$A$10:$A$90,'Master Schedule'!$D$10:$D$90)} -> 0.40625 | D81: {=CONCATENATE(XLOOKUP(A81,'Master Schedule'!$A$10:$A$90,'Master Schedule'!$C$10:$C$90)," vs ",(XLOOKUP(A81,'Master Schedule'!$A$10:$A$90,'Master Schedule'!$E$10:$E$90)))} -> Patriot vs Tampa | E81: 1 | F81: {=xlookup(A81,Game_Scores!A:A,Game_Scores!J:J)} -> No_score
A82: 71 | B82: {=XLOOKUP(A82,'Master Schedule'!$A$10:$A$90,'Master Schedule'!$B$10:$B$90)} -> 18u Boys | C82: {=XLOOKUP(A82,'Master Schedule'!$A$10:$A$90,'Master Schedule'!$D$10:$D$90)} -> 0.44444444 | D82: {=CONCATENATE(XLOOKUP(A82,'Master Schedule'!$A$10:$A$90,'Master Schedule'!$C$10:$C$90)," vs ",(XLOOKUP(A82,'Master Schedule'!$A$10:$A$90,'Master Schedule'!$E$10:$E$90)))} -> 3M vs 3O | E82: 1 | F82: {=xlookup(A82,Game_Scores!A:A,Game_Scores!J:J)} -> No_score
A83: 74 | B83: {=XLOOKUP(A83,'Master Schedule'!$A$10:$A$90,'Master Schedule'!$B$10:$B$90)} -> 18u Boys | C83: {=XLOOKUP(A83,'Master Schedule'!$A$10:$A$90,'Master Schedule'!$D$10:$D$90)} -> 0.48263889 | D83: {=CONCATENATE(XLOOKUP(A83,'Master Schedule'!$A$10:$A$90,'Master Schedule'!$C$10:$C$90)," vs ",(XLOOKUP(A83,'Master Schedule'!$A$10:$A$90,'Master Schedule'!$E$10:$E$90)))} -> 2N vs 2O | E83: 1 | F83: {=xlookup(A83,Game_Scores!A:A,Game_Scores!J:J)} -> No_score
A84: 77 | B84: {=XLOOKUP(A84,'Master Schedule'!$A$10:$A$90,'Master Schedule'!$B$10:$B$90)} -> Masters | C84: {=XLOOKUP(A84,'Master Schedule'!$A$10:$A$90,'Master Schedule'!$D$10:$D$90)} -> 0.52083333 | D84: {=CONCATENATE(XLOOKUP(A84,'Master Schedule'!$A$10:$A$90,'Master Schedule'!$C$10:$C$90)," vs ",(XLOOKUP(A84,'Master Schedule'!$A$10:$A$90,'Master Schedule'!$E$10:$E$90)))} -> Tampa vs Team Orlando Black | E84: 1 | F84: {=xlookup(A84,Game_Scores!A:A,Game_Scores!J:J)} -> No_score
A85: 80 | B85: {=XLOOKUP(A85,'Master Schedule'!$A$10:$A$90,'Master Schedule'!$B$10:$B$90)} -> Masters | C85: {=XLOOKUP(A85,'Master Schedule'!$A$10:$A$90,'Master Schedule'!$D$10:$D$90)} -> 0.55902778 | D85: {=CONCATENATE(XLOOKUP(A85,'Master Schedule'!$A$10:$A$90,'Master Schedule'!$C$10:$C$90)," vs ",(XLOOKUP(A85,'Master Schedule'!$A$10:$A$90,'Master Schedule'!$E$10:$E$90)))} -> Team Orlando vs Orlando Thunder | E85: 1 | F85: {=xlookup(A85,Game_Scores!A:A,Game_Scores!J:J)} -> No_score
A86: 83 | B86: {=XLOOKUP(A86,'Master Schedule'!$A$10:$A$90,'Master Schedule'!$B$10:$B$90)} -> 18u Boys | C86: {=XLOOKUP(A86,'Master Schedule'!$A$10:$A$90,'Master Schedule'!$D$10:$D$90)} -> 0.59722222 | D86: {=CONCATENATE(XLOOKUP(A86,'Master Schedule'!$A$10:$A$90,'Master Schedule'!$C$10:$C$90)," vs ",(XLOOKUP(A86,'Master Schedule'!$A$10:$A$90,'Master Schedule'!$E$10:$E$90)))} -> 1N vs 1O | E86: 1 | F86: {=xlookup(A86,Game_Scores!A:A,Game_Scores!J:J)} -> No_score
A87: 86 | B87: {=XLOOKUP(A87,'Master Schedule'!$A$10:$A$90,'Master Schedule'!$B$10:$B$90)} -> 14u CoEd | C87: {=XLOOKUP(A87,'Master Schedule'!$A$10:$A$90,'Master Schedule'!$D$10:$D$90)} -> 0.63541667 | D87: {=CONCATENATE(XLOOKUP(A87,'Master Schedule'!$A$10:$A$90,'Master Schedule'!$C$10:$C$90)," vs ",(XLOOKUP(A87,'Master Schedule'!$A$10:$A$90,'Master Schedule'!$E$10:$E$90)))} -> 1C vs 1E | E87: 1 | F87: {=xlookup(A87,Game_Scores!A:A,Game_Scores!J:J)} -> No_score
A88: SUN | D88: Pool 2 - Main Pool - Mid Building
A89: Game | B89: Div | C89: Time | D89: Dark vs Light | F89: Winner
A90: 60 | B90: {=XLOOKUP(A90,'Master Schedule'!$G$10:$G$90,'Master Schedule'!$H$10:$H$90)} -> 16u Boys | C90: {=XLOOKUP(A90,'Master Schedule'!$G$10:$G$90,'Master Schedule'!$J$10:$J$90)} -> 0.29166667 | D90: {=CONCATENATE(XLOOKUP(A90,'Master Schedule'!$G$10:$G$90,'Master Schedule'!$I$10:$I$90)," vs ",(XLOOKUP(A90,'Master Schedule'!$G$10:$G$90,'Master Schedule'!$K$10:$K$90)))} -> Wolverines vs Team Orlando | E90: 2 | F90: {=xlookup(A90,Game_Scores!A:A,Game_Scores!J:J)} -> No_score
A91: 63 | B91: {=XLOOKUP(A91,'Master Schedule'!$G$10:$G$90,'Master Schedule'!$H$10:$H$90)} -> 16u Boys | C91: {=XLOOKUP(A91,'Master Schedule'!$G$10:$G$90,'Master Schedule'!$J$10:$J$90)} -> 0.32986111 | D91: {=CONCATENATE(XLOOKUP(A91,'Master Schedule'!$G$10:$G$90,'Master Schedule'!$I$10:$I$90)," vs ",(XLOOKUP(A91,'Master Schedule'!$G$10:$G$90,'Master Schedule'!$K$10:$K$90)))} -> Gladiators vs Marlins | E91: 2 | F91: {=xlookup(A91,Game_Scores!A:A,Game_Scores!J:J)} -> No_score
A92: 66 | B92: {=XLOOKUP(A92,'Master Schedule'!$G$10:$G$90,'Master Schedule'!$H$10:$H$90)} -> 14u CoEd | C92: {=XLOOKUP(A92,'Master Schedule'!$G$10:$G$90,'Master Schedule'!$J$10:$J$90)} -> 0.36805556 | D92: {=CONCATENATE(XLOOKUP(A92,'Master Schedule'!$G$10:$G$90,'Master Schedule'!$I$10:$I$90)," vs ",(XLOOKUP(A92,'Master Schedule'!$G$10:$G$90,'Master Schedule'!$K$10:$K$90)))} -> 1C vs 1D | E92: 2 | F92: {=xlookup(A92,Game_Scores!A:A,Game_Scores!J:J)} -> No_score
A93: 69 | B93: {=XLOOKUP(A93,'Master Schedule'!$G$10:$G$90,'Master Schedule'!$H$10:$H$90)} -> 16u Girls | C93: {=XLOOKUP(A93,'Master Schedule'!$G$10:$G$90,'Master Schedule'!$J$10:$J$90)} -> 0.40625 | D93: {=CONCATENATE(XLOOKUP(A93,'Master Schedule'!$G$10:$G$90,'Master Schedule'!$I$10:$I$90)," vs ",(XLOOKUP(A93,'Master Schedule'!$G$10:$G$90,'Master Schedule'!$K$10:$K$90)))} -> 1F vs Winner - 52 | E93: 2 | F93: {=xlookup(A93,Game_Scores!A:A,Game_Scores!J:J)} -> No_score
A94: 72 | B94: {=XLOOKUP(A94,'Master Schedule'!$G$10:$G$90,'Master Schedule'!$H$10:$H$90)} -> 16u Girls | C94: {=XLOOKUP(A94,'Master Schedule'!$G$10:$G$90,'Master Schedule'!$J$10:$J$90)} -> 0.44444444 | D94: {=CONCATENATE(XLOOKUP(A94,'Master Schedule'!$G$10:$G$90,'Master Schedule'!$I$10:$I$90)," vs ",(XLOOKUP(A94,'Master Schedule'!$G$10:$G$90,'Master Schedule'!$K$10:$K$90)))} -> 1G vs Winner - 54 | E94: 2 | F94: {=xlookup(A94,Game_Scores!A:A,Game_Scores!J:J)} -> No_score
A95: 75 | B95: {=XLOOKUP(A95,'Master Schedule'!$G$10:$G$90,'Master Schedule'!$H$10:$H$90)} -> 14u CoEd | C95: {=XLOOKUP(A95,'Master Schedule'!$G$10:$G$90,'Master Schedule'!$J$10:$J$90)} -> 0.48263889 | D95: {=CONCATENATE(XLOOKUP(A95,'Master Schedule'!$G$10:$G$90,'Master Schedule'!$I$10:$I$90)," vs ",(XLOOKUP(A95,'Master Schedule'!$G$10:$G$90,'Master Schedule'!$K$10:$K$90)))} -> 1D vs 1E | E95: 2 | F95: {=xlookup(A95,Game_Scores!A:A,Game_Scores!J:J)} -> No_score
A96: 78 | B96: {=XLOOKUP(A96,'Master Schedule'!$G$10:$G$90,'Master Schedule'!$H$10:$H$90)} -> 16u Boys | C96: {=XLOOKUP(A96,'Master Schedule'!$G$10:$G$90,'Master Schedule'!$J$10:$J$90)} -> 0.52083333 | D96: {=CONCATENATE(XLOOKUP(A96,'Master Schedule'!$G$10:$G$90,'Master Schedule'!$I$10:$I$90)," vs ",(XLOOKUP(A96,'Master Schedule'!$G$10:$G$90,'Master Schedule'!$K$10:$K$90)))} -> 1H vs 1J | E96: 2 | F96: {=xlookup(A96,Game_Scores!A:A,Game_Scores!J:J)} -> No_score
A97: 81 | B97: {=XLOOKUP(A97,'Master Schedule'!$G$10:$G$90,'Master Schedule'!$H$10:$H$90)} -> 16u Boys | C97: {=XLOOKUP(A97,'Master Schedule'!$G$10:$G$90,'Master Schedule'!$J$10:$J$90)} -> 0.55902778 | D97: {=CONCATENATE(XLOOKUP(A97,'Master Schedule'!$G$10:$G$90,'Master Schedule'!$I$10:$I$90)," vs ",(XLOOKUP(A97,'Master Schedule'!$G$10:$G$90,'Master Schedule'!$K$10:$K$90)))} -> 2H vs 2J | E97: 2 | F97: {=xlookup(A97,Game_Scores!A:A,Game_Scores!J:J)} -> No_score
A98: 84 | B98: {=XLOOKUP(A98,'Master Schedule'!$G$10:$G$90,'Master Schedule'!$H$10:$H$90)} -> 16u Girls | C98: {=XLOOKUP(A98,'Master Schedule'!$G$10:$G$90,'Master Schedule'!$J$10:$J$90)} -> 0.59722222 | D98: {=CONCATENATE(XLOOKUP(A98,'Master Schedule'!$G$10:$G$90,'Master Schedule'!$I$10:$I$90)," vs ",(XLOOKUP(A98,'Master Schedule'!$G$10:$G$90,'Master Schedule'!$K$10:$K$90)))} -> Winner - 69 vs Winner - 72 | E98: 2 | F98: {=xlookup(A98,Game_Scores!A:A,Game_Scores!J:J)} -> No_score
A99: 87 | B99: {=XLOOKUP(A99,'Master Schedule'!$G$10:$G$90,'Master Schedule'!$H$10:$H$90)} -> 14u CoEd | C99: {=XLOOKUP(A99,'Master Schedule'!$G$10:$G$90,'Master Schedule'!$J$10:$J$90)} -> 0.63541667 | D99: {=CONCATENATE(XLOOKUP(A99,'Master Schedule'!$G$10:$G$90,'Master Schedule'!$I$10:$I$90)," vs ",(XLOOKUP(A99,'Master Schedule'!$G$10:$G$90,'Master Schedule'!$K$10:$K$90)))} -> 2D vs 2E | E99: 2 | F99: {=xlookup(A99,Game_Scores!A:A,Game_Scores!J:J)} -> No_score
A100: SUN | D100: Pool 3 - Dive Well
A101: Game | B101: Div | C101: Time | D101: Dark vs Light | F101: Winner
A102: 61 | B102: {=XLOOKUP(A102,'Master Schedule'!$A$10:$A$90,'Master Schedule'!$B$10:$B$90)} -> 14u CoEd | C102: {=XLOOKUP(A102,'Master Schedule'!$A$10:$A$90,'Master Schedule'!$D$10:$D$90)} -> 0.29166667 | D102: {=CONCATENATE(XLOOKUP(A102,'Master Schedule'!$A$10:$A$90,'Master Schedule'!$C$10:$C$90)," vs ",(XLOOKUP(A102,'Master Schedule'!$A$10:$A$90,'Master Schedule'!$E$10:$E$90)))} -> 2C vs 2E | E102: 3 | F102: {=xlookup(A102,Game_Scores!A:A,Game_Scores!J:J)} -> No_score
A103: 64 | B103: {=XLOOKUP(A103,'Master Schedule'!$A$10:$A$90,'Master Schedule'!$B$10:$B$90)} -> 14u CoEd | C103: {=XLOOKUP(A103,'Master Schedule'!$A$10:$A$90,'Master Schedule'!$D$10:$D$90)} -> 0.32986111 | D103: {=CONCATENATE(XLOOKUP(A103,'Master Schedule'!$A$10:$A$90,'Master Schedule'!$C$10:$C$90)," vs ",(XLOOKUP(A103,'Master Schedule'!$A$10:$A$90,'Master Schedule'!$E$10:$E$90)))} -> 3C vs 3E | E103: 3 | F103: {=xlookup(A103,Game_Scores!A:A,Game_Scores!J:J)} -> No_score
A104: 67 | B104: {=XLOOKUP(A104,'Master Schedule'!$A$10:$A$90,'Master Schedule'!$B$10:$B$90)} -> 12u CoEd | C104: {=XLOOKUP(A104,'Master Schedule'!$A$10:$A$90,'Master Schedule'!$D$10:$D$90)} -> 0.36805556 | D104: {=CONCATENATE(XLOOKUP(A104,'Master Schedule'!$A$10:$A$90,'Master Schedule'!$C$10:$C$90)," vs ",(XLOOKUP(A104,'Master Schedule'!$A$10:$A$90,'Master Schedule'!$E$10:$E$90)))} -> 1B vs 2B | E104: 3 | F104: {=xlookup(A104,Game_Scores!A:A,Game_Scores!J:J)} -> No_score
A105: 70 | B105: {=XLOOKUP(A105,'Master Schedule'!$A$10:$A$90,'Master Schedule'!$B$10:$B$90)} -> 12u CoEd | C105: {=XLOOKUP(A105,'Master Schedule'!$A$10:$A$90,'Master Schedule'!$D$10:$D$90)} -> 0.40625 | D105: {=CONCATENATE(XLOOKUP(A105,'Master Schedule'!$A$10:$A$90,'Master Schedule'!$C$10:$C$90)," vs ",(XLOOKUP(A105,'Master Schedule'!$A$10:$A$90,'Master Schedule'!$E$10:$E$90)))} -> 3B vs 4B | E105: 3 | F105: {=xlookup(A105,Game_Scores!A:A,Game_Scores!J:J)} -> No_score
A106: 73 | B106: {=XLOOKUP(A106,'Master Schedule'!$A$10:$A$90,'Master Schedule'!$B$10:$B$90)} -> 16u Girls | C106: {=XLOOKUP(A106,'Master Schedule'!$A$10:$A$90,'Master Schedule'!$D$10:$D$90)} -> 0.44444444 | D106: {=CONCATENATE(XLOOKUP(A106,'Master Schedule'!$A$10:$A$90,'Master Schedule'!$C$10:$C$90)," vs ",(XLOOKUP(A106,'Master Schedule'!$A$10:$A$90,'Master Schedule'!$E$10:$E$90)))} -> Loser - 52 vs Loser - 54 | E106: 3 | F106: {=xlookup(A106,Game_Scores!A:A,Game_Scores!J:J)} -> No_score
A107: 76 | B107: {=XLOOKUP(A107,'Master Schedule'!$A$10:$A$90,'Master Schedule'!$B$10:$B$90)} -> 14u CoEd | C107: {=XLOOKUP(A107,'Master Schedule'!$A$10:$A$90,'Master Schedule'!$D$10:$D$90)} -> 0.48263889 | D107: {=CONCATENATE(XLOOKUP(A107,'Master Schedule'!$A$10:$A$90,'Master Schedule'!$C$10:$C$90)," vs ",(XLOOKUP(A107,'Master Schedule'!$A$10:$A$90,'Master Schedule'!$E$10:$E$90)))} -> 2C vs 2D | E107: 3 | F107: {=xlookup(A107,Game_Scores!A:A,Game_Scores!J:J)} -> No_score
A108: 79 | B108: {=XLOOKUP(A108,'Master Schedule'!$A$10:$A$90,'Master Schedule'!$B$10:$B$90)} -> 14u CoEd | C108: {=XLOOKUP(A108,'Master Schedule'!$A$10:$A$90,'Master Schedule'!$D$10:$D$90)} -> 0.52083333 | D108: {=CONCATENATE(XLOOKUP(A108,'Master Schedule'!$A$10:$A$90,'Master Schedule'!$C$10:$C$90)," vs ",(XLOOKUP(A108,'Master Schedule'!$A$10:$A$90,'Master Schedule'!$E$10:$E$90)))} -> 3C vs 3D | E108: 3 | F108: {=xlookup(A108,Game_Scores!A:A,Game_Scores!J:J)} -> No_score
...

Sheet Master Schedule
A6: 46157
A8: Pool 1 - Main Pool - Scoreboard | G8: Pool 2 - Main Pool - Mid Building
A9: Game | B9: Div | C9: Dark Caps | D9: Time | E9: Light Caps | G9: Game | H9: Div | I9: Dark Caps | J9: Time | K9: Light Caps
A10: 1 | B10: 18u Boys | C10: Orlando Thunder | D10: 0.64583333 | E10: Team Orlando Black | H10: ---- | I10: --- | J10: 0.64583333 | K10: ---
A11: 2 | B11: 18u Girls | C11: Team Orlando | D11: 0.68402778 | E11: Orlando Thunder | G11: 3 | H11: 16u Boys | I11: Orlando Thunder | J11: 0.68402778 | K11: Orlando United
A12: 5 | B12: 16u Girls | C12: Team Orlando | D12: 0.72222222 | E12: Orlando Thunder 14 | G12: 6 | H12: 14u CoEd | I12: Team Orlando | J12: 0.72222222 | K12: Patriot
A13: 8 | B13: 18u Boys | C13: Team Orlando | D13: 0.76041667 | E13: North Idaho | G13: 9 | H13: 16u Girls | I13: Orlando Thunder | J13: 0.76041667 | K13: Seminole
A14: 11 | B14: 18u Boys | C14: Orlando Thunder | D14: 0.79861111 | E14: Orlando United | G14: 12 | H14: 16u Boys | I14: Team Orlando | J14: 0.79861111 | K14: Dynamo
A15: 14 | B15: Masters | C15: Team Orlando | D15: 0.83333333 | E15: Team Orlando Black | H15: ---- | I15: --- | J15: 0.83333333 | K15: ---
A17: Pool 3 - Dive Well
A18: Game | B18: Div | C18: Dark Caps | D18: Time | E18: Light Caps
B19: ---- | C19: --- | D19: 0.64583333 | E19: ---
A20: 4 | B20: 16u Girls | C20: Orlando Thunder | D20: 0.68402778 | E20: Patriot
A21: 7 | B21: 14u CoEd | C21: Orlando Thunder | D21: 0.72222222 | E21: Orlando United
A22: 10 | B22: 12u CoEd | C22: Team Orlando | D22: 0.76041667 | E22: Patriot
A23: 13 | B23: 10u CoEd | C23: Team Orlando | D23: 0.79861111 | E23: Orlando Thunder
B24: ---- | C24: --- | D24: 0.83333333 | E24: ---
A26: 46158
A28: Pool 1 - Main Pool - Scoreboard | G28: Pool 2 - Main Pool - Mid Building
A29: Game | B29: Div | C29: Dark Caps | D29: Time | E29: Light Caps | G29: Game | H29: Div | I29: Dark Caps | J29: Time | K29: Light Caps
A30: 15 | B30: 18u Boys | C30: Team Orlando | D30: 0.29166667 | E30: Nextlevel | G30: 16 | H30: 16u Boys | I30: Wolverines | J30: 0.29166667 | K30: Seminole
A31: 18 | B31: 18u Boys | C31: Gladiators | D31: 0.32986111 | E31: Marlins | G31: 19 | H31: 18u Girls | I31: Team Orlando | J31: 0.32986111 | K31: Patriot
A32: 21 | B32: 18u Boys | C32: Orlando United | D32: 0.36805556 | E32: Team Orlando Black | G32: 22 | H32: 16u Boys | I32: Orlando Thunder | J32: 0.36805556 | K32: Gladiators
A33: 24 | B33: 18u Boys | C33: North Idaho | D33: 0.40625 | E33: Nextlevel | G33: 25 | H33: 16u Girls | I33: Team Orlando | J33: 0.40625 | K33: Orlando United
A34: 27 | B34: Masters | C34: Team Orlando | D34: 0.44444444 | E34: Patriot | G34: 28 | H34: 16u Girls | I34: Seminole | J34: 0.44444444 | K34: Patriot
A35: 30 | B35: 18u Boys | C35: Blue Dolfins | D35: 0.48263889 | E35: Marlins | G35: 31 | H35: 16u Boys | I35: Orlando United | J35: 0.48263889 | K35: Marlins
A36: 33 | B36: Masters | C36: Orlando Thunder | D36: 0.52083333 | E36: Tampa | G36: 34 | H36: 16u Boys | I36: Dynamo | J36: 0.52083333 | K36: Seminole
A37: 36 | B37: Masters | C37: Patriot | D37: 0.55902778 | E37: Team Orlando Black | G37: 37 | H37: 18u Girls | I37: Patriot | J37: 0.55902778 | K37: Orlando Thunder
A38: 39 | B38: 18u Boys | C38: Gladiators | D38: 0.59722222 | E38: Blue Dolfins | G38: 40 | H38: 16u Girls | I38: Orlando United | J38: 0.59722222 | K38: Orlando Thunder 14
A39: 42 | B39: Masters | C39: Team Orlando | D39: 0.63541667 | E39: Tampa | G39: 43 | H39: 16u Boys | I39: Gladiators | J39: 0.63541667 | K39: Orlando United
A40: 45 | B40: Masters | C40: Orlando Thunder | D40: 0.67361111 | E40: Patriot | G40: 46 | H40: 16u Boys | I40: Orlando Thunder | J40: 0.67361111 | K40: Marlins
A41: 47 | B41: 18u Boys | C41: 3M | D41: 0.71180556 | E41: 3N | G41: 48 | H41: 16u Boys | I41: Wolverines | J41: 0.71180556 | K41: Dynamo
... A44: 56 | B44: 18u Boys | C44: 1M | D44: 0.82638889 | E44: 1O | G44: 57 | H44: 14u CoEd | I44: 3D | J44: 0.82638889 | K44: 3E
A46: Pool 3 - Dive Well
A47: Game | B47: Div | C47: Dark Caps | D47: Time | E47: Light Caps
A48: 17 | B48: 12u CoEd | C48: Team Orlando | D48: 0.29166667 | E48: Orlando Thunder
A49: 20 | B49: 12u CoEd | C49: Gladiators | D49: 0.32986111 | E49: Patriot
A50: 23 | B50: 10u CoEd | C50: Orlando Thunder | D50: 0.36805556 | E50: Team Orlando
A51: 26 | B51: 14u CoEd | C51: Patriot | D51: 0.40625 | E51: Wolverines Blue
A52: 29 | B52: 14u CoEd | C52: Orlando Thunder | D52: 0.44444444 | E52: St. Andrews
A53: 32 | B53: 14u CoEd | C53: Seminole | D53: 0.48263889 | E53: Gladiators
A54: 35 | B54: 14u CoEd | C54: Team Orlando | D54: 0.52083333 | E54: Wolverines Blue
A55: 38 | B55: 12u CoEd | C55: Orlando Thunder | D55: 0.55902778 | E55: Gladiators
A56: 41 | B56: 14u CoEd | C56: Seminole | D56: 0.59722222 | E56: Wolverines Yellow
A57: 44 | B57: 14u CoEd | C57: St. Andrews | D57: 0.63541667 | E57: Orlando United
B58: ---- | C58: --- | D58: 0.67361111 | E58: ---
A59: 49 | B59: 14u CoEd | C59: Gladiators | D59: 0.71180556 | E59: Wolverines Yellow
A60: 52 | B60: 16u Girls | C60: 2F | D60: 0.75 | E60: 3G
A61: 55 | B61: 12u CoEd | C61: Orlando Thunder | D61: 0.78819444 | E61: Patriot
A62: 58 | B62: 12u CoEd | C62: Team Orlando | D62: 0.82638889 | E62: Gladiators
A64: 46159
A66: Pool 1 - Main Pool - Scoreboard | G66: Pool 2 - Main Pool - Mid Building
A67: Game | B67: Div | C67: Dark Caps | D67: Time | E67: Light Caps | G67: Game | H67: Div | I67: Dark Caps | J67: Time | K67: Light Caps
A68: 59 | B68: 18u Boys | C68: 3N | D68: 0.29166667 | E68: 3O | G68: 60 | H68: 16u Boys | I68: Wolverines | J68: 0.29166667 | K68: Team Orlando
A69: 62 | B69: 18u Boys | C69: 2M | D69: 0.32986111 | E69: 2N | G69: 63 | H69: 16u Boys | I69: Gladiators | J69: 0.32986111 | K69: Marlins
A70: 65 | B70: 18u Boys | C70: 1M | D70: 0.36805556 | E70: 1N | G70: 66 | H70: 14u CoEd | I70: 1C | J70: 0.36805556 | K70: 1D
A71: 68 | B71: Masters | C71: Patriot | D71: 0.40625 | E71: Tampa | G71: 69 | H71: 16u Girls | I71: 1F | J71: 0.40625 | K71: Winner - 52
A72: 71 | B72: 18u Boys | C72: 3M | D72: 0.44444444 | E72: 3O | G72: 72 | H72: 16u Girls | I72: 1G | J72: 0.44444444 | K72: Winner - 54
A73: 74 | B73: 18u Boys | C73: 2N | D73: 0.48263889 | E73: 2O | G73: 75 | H73: 14u CoEd | I73: 1D | J73: 0.48263889 | K73: 1E
A74: 77 | B74: Masters | C74: Tampa | D74: 0.52083333 | E74: Team Orlando Black | G74: 78 | H74: 16u Boys | I74: 1H | J74: 0.52083333 | K74: 1J
A75: 80 | B75: Masters | C75: Team Orlando | D75: 0.55902778 | E75: Orlando Thunder | G75: 81 | H75: 16u Boys | I75: 2H | J75: 0.55902778 | K75: 2J
A76: 83 | B76: 18u Boys | C76: 1N | D76: 0.59722222 | E76: 1O | G76: 84 | H76: 16u Girls | I76: Winner - 69 | J76: 0.59722222 | K76: Winner - 72
A77: 86 | B77: 14u CoEd | C77: 1C | D77: 0.63541667 | E77: 1E | G77: 87 | H77: 14u CoEd | I77: 2D | J77: 0.63541667 | K77: 2E
A79: Pool 3 - Dive Well
A80: Game | B80: Div | C80: Dark Caps | D80: Time | E80: Light Caps
A81: 61 | B81: 14u CoEd | C81: 2C | D81: 0.29166667 | E81: 2E
A82: 64 | B82: 14u CoEd | C82: 3C | D82: 0.32986111 | E82: 3E
A83: 67 | B83: 12u CoEd | C83: 1B | D83: 0.36805556 | E83: 2B
A84: 70 | B84: 12u CoEd | C84: 3B | D84: 0.40625 | E84: 4B
A85: 73 | B85: 16u Girls | C85: Loser - 52 | D85: 0.44444444 | E85: Loser - 54
A86: 76 | B86: 14u CoEd | C86: 2C | D86: 0.48263889 | E86: 2D
A87: 79 | B87: 14u CoEd | C87: 3C | D87: 0.52083333 | E87: 3D
A88: 82 | B88: 16u Boys | C88: 3H | D88: 0.55902778 | E88: 3J
A89: 85 | B89: 16u Boys | C89: 4H | D89: 0.59722222 | E89: 4J
A90: 88 | B90: 16u Girls | C90: Loser - 69 | D90: 0.63541667 | E90: Loser - 72

Sheet Game_Scores
A1: GM | B1: Div | C1: Day | D1: Pool | E1: Time | F1: Dark caps | G1: Dk Score | H1: Light caps | I1: Lt Score | J1: Winner
A2: 1 | B2: {=XLOOKUP(A2,'Mobile Friendly'!A:A,'Mobile Friendly'!B:B)} -> 18u Boys | C2: Fri | D2: {=XLOOKUP(A2,'Mobile Friendly'!A:A,'Mobile Friendly'!E:E)} -> 1 | E2: {=XLOOKUP(A2,'Mobile Friendly'!A:A,'Mobile Friendly'!C:C)} -> 0.64583333 | F2: {=XLOOKUP(A2,'Master Schedule'!$A$10:$A$90,'Master Schedule'!$C$10:$C$90)} -> Orlando Thunder | H2: {=XLOOKUP(A2,'Master Schedule'!$A$10:$A$90,'Master Schedule'!$E$10:$E$90)} -> Team Orlando Black | J2: =ifs(G2=I2,"No_score",G2>I2,F2,I2>G2,H2) -> No_score
A3: 2 | B3: {=XLOOKUP(A3,'Mobile Friendly'!A:A,'Mobile Friendly'!B:B)} -> 18u Girls | C3: Fri | D3: {=XLOOKUP(A3,'Mobile Friendly'!A:A,'Mobile Friendly'!E:E)} -> 1 | E3: {=XLOOKUP(A3,'Mobile Friendly'!A:A,'Mobile Friendly'!C:C)} -> 0.68402778 | F3: {=XLOOKUP(A3,'Master Schedule'!$A$10:$A$90,'Master Schedule'!$C$10:$C$90)} -> Team Orlando | H3: {=XLOOKUP(A3,'Master Schedule'!$A$10:$A$90,'Master Schedule'!$E$10:$E$90)} -> Orlando Thunder | J3: =ifs(G3=I3,"No_score",G3>I3,F3,I3>G3,H3) -> No_score
A4: 3 | B4: {=XLOOKUP(A4,'Mobile Friendly'!A:A,'Mobile Friendly'!B:B)} -> 16u Boys | C4: Fri | D4: {=XLOOKUP(A4,'Mobile Friendly'!A:A,'Mobile Friendly'!E:E)} -> 2 | E4: {=XLOOKUP(A4,'Mobile Friendly'!A:A,'Mobile Friendly'!C:C)} -> 0.68402778 | F4: {=XLOOKUP(A4,'Master Schedule'!$G$10:$G$90,'Master Schedule'!$I$10:$I$90)} -> Orlando Thunder | H4: {=XLOOKUP(A4,'Master Schedule'!$G$10:$G$90,'Master Schedule'!$K$10:$K$90)} -> Orlando United | J4: =ifs(G4=I4,"No_score",G4>I4,F4,I4>G4,H4) -> No_score
A5: 4 | B5: {=XLOOKUP(A5,'Mobile Friendly'!A:A,'Mobile Friendly'!B:B)} -> 16u Girls | C5: Fri | D5: {=XLOOKUP(A5,'Mobile Friendly'!A:A,'Mobile Friendly'!E:E)} -> 3 | E5: {=XLOOKUP(A5,'Mobile Friendly'!A:A,'Mobile Friendly'!C:C)} -> 0.68402778 | F5: {=XLOOKUP(A5,'Master Schedule'!$A$10:$A$90,'Master Schedule'!$C$10:$C$90)} -> Orlando Thunder | H5: {=XLOOKUP(A5,'Master Schedule'!$A$10:$A$90,'Master Schedule'!$E$10:$E$90)} -> Patriot | J5: =ifs(G5=I5,"No_score",G5>I5,F5,I5>G5,H5) -> No_score
A6: 5 | B6: {=XLOOKUP(A6,'Mobile Friendly'!A:A,'Mobile Friendly'!B:B)} -> 16u Girls | C6: Fri | D6: {=XLOOKUP(A6,'Mobile Friendly'!A:A,'Mobile Friendly'!E:E)} -> 1 | E6: {=XLOOKUP(A6,'Mobile Friendly'!A:A,'Mobile Friendly'!C:C)} -> 0.72222222 | F6: {=XLOOKUP(A6,'Master Schedule'!$A$10:$A$90,'Master Schedule'!$C$10:$C$90)} -> Team Orlando | H6: {=XLOOKUP(A6,'Master Schedule'!$A$10:$A$90,'Master Schedule'!$E$10:$E$90)} -> Orlando Thunder 14 | J6: =ifs(G6=I6,"No_score",G6>I6,F6,I6>G6,H6) -> No_score
A7: 6 | B7: {=XLOOKUP(A7,'Mobile Friendly'!A:A,'Mobile Friendly'!B:B)} -> 14u CoEd | C7: Fri | D7: {=XLOOKUP(A7,'Mobile Friendly'!A:A,'Mobile Friendly'!E:E)} -> 2 | E7: {=XLOOKUP(A7,'Mobile Friendly'!A:A,'Mobile Friendly'!C:C)} -> 0.72222222 | F7: {=XLOOKUP(A7,'Master Schedule'!$G$10:$G$90,'Master Schedule'!$I$10:$I$90)} -> Team Orlando | H7: {=XLOOKUP(A7,'Master Schedule'!$G$10:$G$90,'Master Schedule'!$K$10:$K$90)} -> Patriot | J7: =ifs(G7=I7,"No_score",G7>I7,F7,I7>G7,H7) -> No_score
A8: 7 | B8: {=XLOOKUP(A8,'Mobile Friendly'!A:A,'Mobile Friendly'!B:B)} -> 14u CoEd | C8: Fri | D8: {=XLOOKUP(A8,'Mobile Friendly'!A:A,'Mobile Friendly'!E:E)} -> 3 | E8: {=XLOOKUP(A8,'Mobile Friendly'!A:A,'Mobile Friendly'!C:C)} -> 0.72222222 | F8: {=XLOOKUP(A8,'Master Schedule'!$A$10:$A$90,'Master Schedule'!$C$10:$C$90)} -> Orlando Thunder | H8: {=XLOOKUP(A8,'Master Schedule'!$A$10:$A$90,'Master Schedule'!$E$10:$E$90)} -> Orlando United | J8: =ifs(G8=I8,"No_score",G8>I8,F8,I8>G8,H8) -> No_score
A9: 8 | B9: {=XLOOKUP(A9,'Mobile Friendly'!A:A,'Mobile Friendly'!B:B)} -> 18u Boys | C9: Fri | D9: {=XLOOKUP(A9,'Mobile Friendly'!A:A,'Mobile Friendly'!E:E)} -> 1 | E9: {=XLOOKUP(A9,'Mobile Friendly'!A:A,'Mobile Friendly'!C:C)} -> 0.76041667 | F9: {=XLOOKUP(A9,'Master Schedule'!$A$10:$A$90,'Master Schedule'!$C$10:$C$90)} -> Team Orlando | H9: {=XLOOKUP(A9,'Master Schedule'!$A$10:$A$90,'Master Schedule'!$E$10:$E$90)} -> North Idaho | J9: =ifs(G9=I9,"No_score",G9>I9,F9,I9>G9,H9) -> No_score
A10: 9 | B10: {=XLOOKUP(A10,'Mobile Friendly'!A:A,'Mobile Friendly'!B:B)} -> 16u Girls | C10: Fri | D10: {=XLOOKUP(A10,'Mobile Friendly'!A:A,'Mobile Friendly'!E:E)} -> 2 | E10: {=XLOOKUP(A10,'Mobile Friendly'!A:A,'Mobile Friendly'!C:C)} -> 0.76041667 | F10: {=XLOOKUP(A10,'Master Schedule'!$G$10:$G$90,'Master Schedule'!$I$10:$I$90)} -> Orlando Thunder | H10: {=XLOOKUP(A10,'Master Schedule'!$G$10:$G$90,'Master Schedule'!$K$10:$K$90)} -> Seminole | J10: =ifs(G10=I10,"No_score",G10>I10,F10,I10>G10,H10) -> No_score
A11: 10 | B11: {=XLOOKUP(A11,'Mobile Friendly'!A:A,'Mobile Friendly'!B:B)} -> 12u CoEd | C11: Fri | D11: {=XLOOKUP(A11,'Mobile Friendly'!A:A,'Mobile Friendly'!E:E)} -> 3 | E11: {=XLOOKUP(A11,'Mobile Friendly'!A:A,'Mobile Friendly'!C:C)} -> 0.76041667 | F11: {=XLOOKUP(A11,'Master Schedule'!$A$10:$A$90,'Master Schedule'!$C$10:$C$90)} -> Team Orlando | H11: {=XLOOKUP(A11,'Master Schedule'!$A$10:$A$90,'Master Schedule'!$E$10:$E$90)} -> Patriot | J11: =ifs(G11=I11,"No_score",G11>I11,F11,I11>G11,H11) -> No_score
A12: 11 | B12: {=XLOOKUP(A12,'Mobile Friendly'!A:A,'Mobile Friendly'!B:B)} -> 18u Boys | C12: Fri | D12: {=XLOOKUP(A12,'Mobile Friendly'!A:A,'Mobile Friendly'!E:E)} -> 1 | E12: {=XLOOKUP(A12,'Mobile Friendly'!A:A,'Mobile Friendly'!C:C)} -> 0.79861111 | F12: {=XLOOKUP(A12,'Master Schedule'!$A$10:$A$90,'Master Schedule'!$C$10:$C$90)} -> Orlando Thunder | H12: {=XLOOKUP(A12,'Master Schedule'!$A$10:$A$90,'Master Schedule'!$E$10:$E$90)} -> Orlando United | J12: =ifs(G12=I12,"No_score",G12>I12,F12,I12>G12,H12) -> No_score
A13: 12 | B13: {=XLOOKUP(A13,'Mobile Friendly'!A:A,'Mobile Friendly'!B:B)} -> 16u Boys | C13: Fri | D13: {=XLOOKUP(A13,'Mobile Friendly'!A:A,'Mobile Friendly'!E:E)} -> 2 | E13: {=XLOOKUP(A13,'Mobile Friendly'!A:A,'Mobile Friendly'!C:C)} -> 0.79861111 | F13: {=XLOOKUP(A13,'Master Schedule'!$G$10:$G$90,'Master Schedule'!$I$10:$I$90)} -> Team Orlando | H13: {=XLOOKUP(A13,'Master Schedule'!$G$10:$G$90,'Master Schedule'!$K$10:$K$90)} -> Dynamo | J13: =ifs(G13=I13,"No_score",G13>I13,F13,I13>G13,H13) -> No_score
A14: 13 | B14: {=XLOOKUP(A14,'Mobile Friendly'!A:A,'Mobile Friendly'!B:B)} -> 10u CoEd | C14: Fri | D14: {=XLOOKUP(A14,'Mobile Friendly'!A:A,'Mobile Friendly'!E:E)} -> 3 | E14: {=XLOOKUP(A14,'Mobile Friendly'!A:A,'Mobile Friendly'!C:C)} -> 0.79861111 | F14: {=XLOOKUP(A14,'Master Schedule'!$A$10:$A$90,'Master Schedule'!$C$10:$C$90)} -> Team Orlando | H14: {=XLOOKUP(A14,'Master Schedule'!$A$10:$A$90,'Master Schedule'!$E$10:$E$90)} -> Orlando Thunder | J14: =ifs(G14=I14,"No_score",G14>I14,F14,I14>G14,H14) -> No_score
A15: 14 | B15: {=XLOOKUP(A15,'Mobile Friendly'!A:A,'Mobile Friendly'!B:B)} -> Masters | C15: Fri | D15: {=XLOOKUP(A15,'Mobile Friendly'!A:A,'Mobile Friendly'!E:E)} -> 1 | E15: {=XLOOKUP(A15,'Mobile Friendly'!A:A,'Mobile Friendly'!C:C)} -> 0.83333333 | F15: {=XLOOKUP(A15,'Master Schedule'!$A$10:$A$90,'Master Schedule'!$C$10:$C$90)} -> Team Orlando | H15: {=XLOOKUP(A15,'Master Schedule'!$A$10:$A$90,'Master Schedule'!$E$10:$E$90)} -> Team Orlando Black | J15: =ifs(G15=I15,"No_score",G15>I15,F15,I15>G15,H15) -> No_score
A16: 15 | B16: {=XLOOKUP(A16,'Mobile Friendly'!A:A,'Mobile Friendly'!B:B)} -> 18u Boys | C16: Sat | D16: {=XLOOKUP(A16,'Mobile Friendly'!A:A,'Mobile Friendly'!E:E)} -> 1 | E16: {=XLOOKUP(A16,'Mobile Friendly'!A:A,'Mobile Friendly'!C:C)} -> 0.29166667 | F16: {=XLOOKUP(A16,'Master Schedule'!$A$10:$A$90,'Master Schedule'!$C$10:$C$90)} -> Team Orlando | H16: {=XLOOKUP(A16,'Master Schedule'!$A$10:$A$90,'Master Schedule'!$E$10:$E$90)} -> Nextlevel | J16: =ifs(G16=I16,"No_score",G16>I16,F16,I16>G16,H16) -> No_score
A17: 16 | B17: {=XLOOKUP(A17,'Mobile Friendly'!A:A,'Mobile Friendly'!B:B)} -> 16u Boys | C17: Sat | D17: {=XLOOKUP(A17,'Mobile Friendly'!A:A,'Mobile Friendly'!E:E)} -> 2 | E17: {=XLOOKUP(A17,'Mobile Friendly'!A:A,'Mobile Friendly'!C:C)} -> 0.29166667 | F17: {=XLOOKUP(A17,'Master Schedule'!$G$10:$G$90,'Master Schedule'!$I$10:$I$90)} -> Wolverines | H17: {=XLOOKUP(A17,'Master Schedule'!$G$10:$G$90,'Master Schedule'!$K$10:$K$90)} -> Seminole | J17: =ifs(G17=I17,"No_score",G17>I17,F17,I17>G17,H17) -> No_score
A18: 17 | B18: {=XLOOKUP(A18,'Mobile Friendly'!A:A,'Mobile Friendly'!B:B)} -> 12u CoEd | C18: Sat | D18: {=XLOOKUP(A18,'Mobile Friendly'!A:A,'Mobile Friendly'!E:E)} -> 3 | E18: {=XLOOKUP(A18,'Mobile Friendly'!A:A,'Mobile Friendly'!C:C)} -> 0.29166667 | F18: {=XLOOKUP(A18,'Master Schedule'!$A$10:$A$90,'Master Schedule'!$C$10:$C$90)} -> Team Orlando | H18: {=XLOOKUP(A18,'Master Schedule'!$A$10:$A$90,'Master Schedule'!$E$10:$E$90)} -> Orlando Thunder | J18: =ifs(G18=I18,"No_score",G18>I18,F18,I18>G18,H18) -> No_score
A19: 18 | B19: {=XLOOKUP(A19,'Mobile Friendly'!A:A,'Mobile Friendly'!B:B)} -> 18u Boys | C19: Sat | D19: {=XLOOKUP(A19,'Mobile Friendly'!A:A,'Mobile Friendly'!E:E)} -> 1 | E19: {=XLOOKUP(A19,'Mobile Friendly'!A:A,'Mobile Friendly'!C:C)} -> 0.32986111 | F19: {=XLOOKUP(A19,'Master Schedule'!$A$10:$A$90,'Master Schedule'!$C$10:$C$90)} -> Gladiators | H19: {=XLOOKUP(A19,'Master Schedule'!$A$10:$A$90,'Master Schedule'!$E$10:$E$90)} -> Marlins | J19: =ifs(G19=I19,"No_score",G19>I19,F19,I19>G19,H19) -> No_score
A20: 19 | B20: {=XLOOKUP(A20,'Mobile Friendly'!A:A,'Mobile Friendly'!B:B)} -> 18u Girls | C20: Sat | D20: {=XLOOKUP(A20,'Mobile Friendly'!A:A,'Mobile Friendly'!E:E)} -> 2 | E20: {=XLOOKUP(A20,'Mobile Friendly'!A:A,'Mobile Friendly'!C:C)} -> 0.32986111 | F20: {=XLOOKUP(A20,'Master Schedule'!$G$10:$G$90,'Master Schedule'!$I$10:$I$90)} -> Team Orlando | H20: {=XLOOKUP(A20,'Master Schedule'!$G$10:$G$90,'Master Schedule'!$K$10:$K$90)} -> Patriot | J20: =ifs(G20=I20,"No_score",G20>I20,F20,I20>G20,H20) -> No_score
A21: 20 | B21: {=XLOOKUP(A21,'Mobile Friendly'!A:A,'Mobile Friendly'!B:B)} -> 12u CoEd | C21: Sat | D21: {=XLOOKUP(A21,'Mobile Friendly'!A:A,'Mobile Friendly'!E:E)} -> 3 | E21: {=XLOOKUP(A21,'Mobile Friendly'!A:A,'Mobile Friendly'!C:C)} -> 0.32986111 | F21: {=XLOOKUP(A21,'Master Schedule'!$A$10:$A$90,'Master Schedule'!$C$10:$C$90)} -> Gladiators | H21: {=XLOOKUP(A21,'Master Schedule'!$A$10:$A$90,'Master Schedule'!$E$10:$E$90)} -> Patriot | J21: =ifs(G21=I21,"No_score",G21>I21,F21,I21>G21,H21) -> No_score
A22: 21 | B22: {=XLOOKUP(A22,'Mobile Friendly'!A:A,'Mobile Friendly'!B:B)} -> 18u Boys | C22: Sat | D22: {=XLOOKUP(A22,'Mobile Friendly'!A:A,'Mobile Friendly'!E:E)} -> 1 | E22: {=XLOOKUP(A22,'Mobile Friendly'!A:A,'Mobile Friendly'!C:C)} -> 0.36805556 | F22: {=XLOOKUP(A22,'Master Schedule'!$A$10:$A$90,'Master Schedule'!$C$10:$C$90)} -> Orlando United | H22: {=XLOOKUP(A22,'Master Schedule'!$A$10:$A$90,'Master Schedule'!$E$10:$E$90)} -> Team Orlando Black | J22: =ifs(G22=I22,"No_score",G22>I22,F22,I22>G22,H22) -> No_score
A23: 22 | B23: {=XLOOKUP(A23,'Mobile Friendly'!A:A,'Mobile Friendly'!B:B)} -> 16u Boys | C23: Sat | D23: {=XLOOKUP(A23,'Mobile Friendly'!A:A,'Mobile Friendly'!E:E)} -> 2 | E23: {=XLOOKUP(A23,'Mobile Friendly'!A:A,'Mobile Friendly'!C:C)} -> 0.36805556 | F23: {=XLOOKUP(A23,'Master Schedule'!$G$10:$G$90,'Master Schedule'!$I$10:$I$90)} -> Orlando Thunder | H23: {=XLOOKUP(A23,'Master Schedule'!$G$10:$G$90,'Master Schedule'!$K$10:$K$90)} -> Gladiators | J23: =ifs(G23=I23,"No_score",G23>I23,F23,I23>G23,H23) -> No_score
A24: 23 | B24: {=XLOOKUP(A24,'Mobile Friendly'!A:A,'Mobile Friendly'!B:B)} -> 10u CoEd | C24: Sat | D24: {=XLOOKUP(A24,'Mobile Friendly'!A:A,'Mobile Friendly'!E:E)} -> 3 | E24: {=XLOOKUP(A24,'Mobile Friendly'!A:A,'Mobile Friendly'!C:C)} -> 0.36805556 | F24: {=XLOOKUP(A24,'Master Schedule'!$A$10:$A$90,'Master Schedule'!$C$10:$C$90)} -> Orlando Thunder | H24: {=XLOOKUP(A24,'Master Schedule'!$A$10:$A$90,'Master Schedule'!$E$10:$E$90)} -> Team Orlando | J24: =ifs(G24=I24,"No_score",G24>I24,F24,I24>G24,H24) -> No_score
A25: 24 | B25: {=XLOOKUP(A25,'Mobile Friendly'!A:A,'Mobile Friendly'!B:B)} -> 18u Boys | C25: Sat | D25: {=XLOOKUP(A25,'Mobile Friendly'!A:A,'Mobile Friendly'!E:E)} -> 1 | E25: {=XLOOKUP(A25,'Mobile Friendly'!A:A,'Mobile Friendly'!C:C)} -> 0.40625 | F25: {=XLOOKUP(A25,'Master Schedule'!$A$10:$A$90,'Master Schedule'!$C$10:$C$90)} -> North Idaho | H25: {=XLOOKUP(A25,'Master Schedule'!$A$10:$A$90,'Master Schedule'!$E$10:$E$90)} -> Nextlevel | J25: =ifs(G25=I25,"No_score",G25>I25,F25,I25>G25,H25) -> No_score
A26: 25 | B26: {=XLOOKUP(A26,'Mobile Friendly'!A:A,'Mobile Friendly'!B:B)} -> 16u Girls | C26: Sat | D26: {=XLOOKUP(A26,'Mobile Friendly'!A:A,'Mobile Friendly'!E:E)} -> 2 | E26: {=XLOOKUP(A26,'Mobile Friendly'!A:A,'Mobile Friendly'!C:C)} -> 0.40625 | F26: {=XLOOKUP(A26,'Master Schedule'!$G$10:$G$90,'Master Schedule'!$I$10:$I$90)} -> Team Orlando | H26: {=XLOOKUP(A26,'Master Schedule'!$G$10:$G$90,'Master Schedule'!$K$10:$K$90)} -> Orlando United | J26: =ifs(G26=I26,"No_score",G26>I26,F26,I26>G26,H26) -> No_score
A27: 26 | B27: {=XLOOKUP(A27,'Mobile Friendly'!A:A,'Mobile Friendly'!B:B)} -> 14u CoEd | C27: Sat | D27: {=XLOOKUP(A27,'Mobile Friendly'!A:A,'Mobile Friendly'!E:E)} -> 3 | E27: {=XLOOKUP(A27,'Mobile Friendly'!A:A,'Mobile Friendly'!C:C)} -> 0.40625 | F27: {=XLOOKUP(A27,'Master Schedule'!$A$10:$A$90,'Master Schedule'!$C$10:$C$90)} -> Patriot | H27: {=XLOOKUP(A27,'Master Schedule'!$A$10:$A$90,'Master Schedule'!$E$10:$E$90)} -> Wolverines Blue | J27: =ifs(G27=I27,"No_score",G27>I27,F27,I27>G27,H27) -> No_score
A28: 27 | B28: {=XLOOKUP(A28,'Mobile Friendly'!A:A,'Mobile Friendly'!B:B)} -> Masters | C28: Sat | D28: {=XLOOKUP(A28,'Mobile Friendly'!A:A,'Mobile Friendly'!E:E)} -> 1 | E28: {=XLOOKUP(A28,'Mobile Friendly'!A:A,'Mobile Friendly'!C:C)} -> 0.44444444 | F28: {=XLOOKUP(A28,'Master Schedule'!$A$10:$A$90,'Master Schedule'!$C$10:$C$90)} -> Team Orlando | H28: {=XLOOKUP(A28,'Master Schedule'!$A$10:$A$90,'Master Schedule'!$E$10:$E$90)} -> Patriot | J28: =ifs(G28=I28,"No_score",G28>I28,F28,I28>G28,H28) -> No_score
A29: 28 | B29: {=XLOOKUP(A29,'Mobile Friendly'!A:A,'Mobile Friendly'!B:B)} -> 16u Girls | C29: Sat | D29: {=XLOOKUP(A29,'Mobile Friendly'!A:A,'Mobile Friendly'!E:E)} -> 2 | E29: {=XLOOKUP(A29,'Mobile Friendly'!A:A,'Mobile Friendly'!C:C)} -> 0.44444444 | F29: {=XLOOKUP(A29,'Master Schedule'!$G$10:$G$90,'Master Schedule'!$I$10:$I$90)} -> Seminole | H29: {=XLOOKUP(A29,'Master Schedule'!$G$10:$G$90,'Master Schedule'!$K$10:$K$90)} -> Patriot | J29: =ifs(G29=I29,"No_score",G29>I29,F29,I29>G29,H29) -> No_score
A30: 29 | B30: {=XLOOKUP(A30,'Mobile Friendly'!A:A,'Mobile Friendly'!B:B)} -> 14u CoEd | C30: Sat | D30: {=XLOOKUP(A30,'Mobile Friendly'!A:A,'Mobile Friendly'!E:E)} -> 3 | E30: {=XLOOKUP(A30,'Mobile Friendly'!A:A,'Mobile Friendly'!C:C)} -> 0.44444444 | F30: {=XLOOKUP(A30,'Master Schedule'!$A$10:$A$90,'Master Schedule'!$C$10:$C$90)} -> Orlando Thunder | H30: {=XLOOKUP(A30,'Master Schedule'!$A$10:$A$90,'Master Schedule'!$E$10:$E$90)} -> St. Andrews | J30: =ifs(G30=I30,"No_score",G30>I30,F30,I30>G30,H30) -> No_score
A31: 30 | B31: {=XLOOKUP(A31,'Mobile Friendly'!A:A,'Mobile Friendly'!B:B)} -> 18u Boys | C31: Sat | D31: {=XLOOKUP(A31,'Mobile Friendly'!A:A,'Mobile Friendly'!E:E)} -> 1 | E31: {=XLOOKUP(A31,'Mobile Friendly'!A:A,'Mobile Friendly'!C:C)} -> 0.48263889 | F31: {=XLOOKUP(A31,'Master Schedule'!$A$10:$A$90,'Master Schedule'!$C$10:$C$90)} -> Blue Dolfins | H31: {=XLOOKUP(A31,'Master Schedule'!$A$10:$A$90,'Master Schedule'!$E$10:$E$90)} -> Marlins | J31: =ifs(G31=I31,"No_score",G31>I31,F31,I31>G31,H31) -> No_score
A32: 31 | B32: {=XLOOKUP(A32,'Mobile Friendly'!A:A,'Mobile Friendly'!B:B)} -> 16u Boys | C32: Sat | D32: {=XLOOKUP(A32,'Mobile Friendly'!A:A,'Mobile Friendly'!E:E)} -> 2 | E32: {=XLOOKUP(A32,'Mobile Friendly'!A:A,'Mobile Friendly'!C:C)} -> 0.48263889 | F32: {=XLOOKUP(A32,'Master Schedule'!$G$10:$G$90,'Master Schedule'!$I$10:$I$90)} -> Orlando United | H32: {=XLOOKUP(A32,'Master Schedule'!$G$10:$G$90,'Master Schedule'!$K$10:$K$90)} -> Marlins | J32: =ifs(G32=I32,"No_score",G32>I32,F32,I32>G32,H32) -> No_score
A33: 32 | B33: {=XLOOKUP(A33,'Mobile Friendly'!A:A,'Mobile Friendly'!B:B)} -> 14u CoEd | C33: Sat | D33: {=XLOOKUP(A33,'Mobile Friendly'!A:A,'Mobile Friendly'!E:E)} -> 3 | E33: {=XLOOKUP(A33,'Mobile Friendly'!A:A,'Mobile Friendly'!C:C)} -> 0.48263889 | F33: {=XLOOKUP(A33,'Master Schedule'!$A$10:$A$90,'Master Schedule'!$C$10:$C$90)} -> Seminole | H33: {=XLOOKUP(A33,'Master Schedule'!$A$10:$A$90,'Master Schedule'!$E$10:$E$90)} -> Gladiators | J33: =ifs(G33=I33,"No_score",G33>I33,F33,I33>G33,H33) -> No_score
A34: 33 | B34: {=XLOOKUP(A34,'Mobile Friendly'!A:A,'Mobile Friendly'!B:B)} -> Masters | C34: Sat | D34: {=XLOOKUP(A34,'Mobile Friendly'!A:A,'Mobile Friendly'!E:E)} -> 1 | E34: {=XLOOKUP(A34,'Mobile Friendly'!A:A,'Mobile Friendly'!C:C)} -> 0.52083333 | F34: {=XLOOKUP(A34,'Master Schedule'!$A$10:$A$90,'Master Schedule'!$C$10:$C$90)} -> Orlando Thunder | H34: {=XLOOKUP(A34,'Master Schedule'!$A$10:$A$90,'Master Schedule'!$E$10:$E$90)} -> Tampa | J34: =ifs(G34=I34,"No_score",G34>I34,F34,I34>G34,H34) -> No_score
A35: 34 | B35: {=XLOOKUP(A35,'Mobile Friendly'!A:A,'Mobile Friendly'!B:B)} -> 16u Boys | C35: Sat | D35: {=XLOOKUP(A35,'Mobile Friendly'!A:A,'Mobile Friendly'!E:E)} -> 2 | E35: {=XLOOKUP(A35,'Mobile Friendly'!A:A,'Mobile Friendly'!C:C)} -> 0.52083333 | F35: {=XLOOKUP(A35,'Master Schedule'!$G$10:$G$90,'Master Schedule'!$I$10:$I$90)} -> Dynamo | H35: {=XLOOKUP(A35,'Master Schedule'!$G$10:$G$90,'Master Schedule'!$K$10:$K$90)} -> Seminole | J35: =ifs(G35=I35,"No_score",G35>I35,F35,I35>G35,H35) -> No_score
A36: 35 | B36: {=XLOOKUP(A36,'Mobile Friendly'!A:A,'Mobile Friendly'!B:B)} -> 14u CoEd | C36: Sat | D36: {=XLOOKUP(A36,'Mobile Friendly'!A:A,'Mobile Friendly'!E:E)} -> 3 | E36: {=XLOOKUP(A36,'Mobile Friendly'!A:A,'Mobile Friendly'!C:C)} -> 0.52083333 | F36: {=XLOOKUP(A36,'Master Schedule'!$A$10:$A$90,'Master Schedule'!$C$10:$C$90)} -> Team Orlando | H36: {=XLOOKUP(A36,'Master Schedule'!$A$10:$A$90,'Master Schedule'!$E$10:$E$90)} -> Wolverines Blue | J36: =ifs(G36=I36,"No_score",G36>I36,F36,I36>G36,H36) -> No_score
A37: 36 | B37: {=XLOOKUP(A37,'Mobile Friendly'!A:A,'Mobile Friendly'!B:B)} -> Masters | C37: Sat | D37: {=XLOOKUP(A37,'Mobile Friendly'!A:A,'Mobile Friendly'!E:E)} -> 1 | E37: {=XLOOKUP(A37,'Mobile Friendly'!A:A,'Mobile Friendly'!C:C)} -> 0.55902778 | F37: {=XLOOKUP(A37,'Master Schedule'!$A$10:$A$90,'Master Schedule'!$C$10:$C$90)} -> Patriot | H37: {=XLOOKUP(A37,'Master Schedule'!$A$10:$A$90,'Master Schedule'!$E$10:$E$90)} -> Team Orlando Black | J37: =ifs(G37=I37,"No_score",G37>I37,F37,I37>G37,H37) -> No_score
A38: 37 | B38: {=XLOOKUP(A38,'Mobile Friendly'!A:A,'Mobile Friendly'!B:B)} -> 18u Girls | C38: Sat | D38: {=XLOOKUP(A38,'Mobile Friendly'!A:A,'Mobile Friendly'!E:E)} -> 2 | E38: {=XLOOKUP(A38,'Mobile Friendly'!A:A,'Mobile Friendly'!C:C)} -> 0.55902778 | F38: {=XLOOKUP(A38,'Master Schedule'!$G$10:$G$90,'Master Schedule'!$I$10:$I$90)} -> Patriot | H38: {=XLOOKUP(A38,'Master Schedule'!$G$10:$G$90,'Master Schedule'!$K$10:$K$90)} -> Orlando Thunder | J38: =ifs(G38=I38,"No_score",G38>I38,F38,I38>G38,H38) -> No_score
A39: 38 | B39: {=XLOOKUP(A39,'Mobile Friendly'!A:A,'Mobile Friendly'!B:B)} -> 12u CoEd | C39: Sat | D39: {=XLOOKUP(A39,'Mobile Friendly'!A:A,'Mobile Friendly'!E:E)} -> 3 | E39: {=XLOOKUP(A39,'Mobile Friendly'!A:A,'Mobile Friendly'!C:C)} -> 0.55902778 | F39: {=XLOOKUP(A39,'Master Schedule'!$A$10:$A$90,'Master Schedule'!$C$10:$C$90)} -> Orlando Thunder | H39: {=XLOOKUP(A39,'Master Schedule'!$A$10:$A$90,'Master Schedule'!$E$10:$E$90)} -> Gladiators | J39: =ifs(G39=I39,"No_score",G39>I39,F39,I39>G39,H39) -> No_score
A40: 39 | B40: {=XLOOKUP(A40,'Mobile Friendly'!A:A,'Mobile Friendly'!B:B)} -> 18u Boys | C40: Sat | D40: {=XLOOKUP(A40,'Mobile Friendly'!A:A,'Mobile Friendly'!E:E)} -> 1 | E40: {=XLOOKUP(A40,'Mobile Friendly'!A:A,'Mobile Friendly'!C:C)} -> 0.59722222 | F40: {=XLOOKUP(A40,'Master Schedule'!$A$10:$A$90,'Master Schedule'!$C$10:$C$90)} -> Gladiators | H40: {=XLOOKUP(A40,'Master Schedule'!$A$10:$A$90,'Master Schedule'!$E$10:$E$90)} -> Blue Dolfins | J40: =ifs(G40=I40,"No_score",G40>I40,F40,I40>G40,H40) -> No_score
A41: 40 | B41: {=XLOOKUP(A41,'Mobile Friendly'!A:A,'Mobile Friendly'!B:B)} -> 16u Girls | C41: Sat | D41: {=XLOOKUP(A41,'Mobile Friendly'!A:A,'Mobile Friendly'!E:E)} -> 2 | E41: {=XLOOKUP(A41,'Mobile Friendly'!A:A,'Mobile Friendly'!C:C)} -> 0.59722222 | F41: {=XLOOKUP(A41,'Master Schedule'!$G$10:$G$90,'Master Schedule'!$I$10:$I$90)} -> Orlando United | H41: {=XLOOKUP(A41,'Master Schedule'!$G$10:$G$90,'Master Schedule'!$K$10:$K$90)} -> Orlando Thunder 14 | J41: =ifs(G41=I41,"No_score",G41>I41,F41,I41>G41,H41) -> No_score
A42: 41 | B42: {=XLOOKUP(A42,'Mobile Friendly'!A:A,'Mobile Friendly'!B:B)} -> 14u CoEd | C42: Sat | D42: {=XLOOKUP(A42,'Mobile Friendly'!A:A,'Mobile Friendly'!E:E)} -> 3 | E42: {=XLOOKUP(A42,'Mobile Friendly'!A:A,'Mobile Friendly'!C:C)} -> 0.59722222 | F42: {=XLOOKUP(A42,'Master Schedule'!$A$10:$A$90,'Master Schedule'!$C$10:$C$90)} -> Seminole | H42: {=XLOOKUP(A42,'Master Schedule'!$A$10:$A$90,'Master Schedule'!$E$10:$E$90)} -> Wolverines Yellow | J42: =ifs(G42=I42,"No_score",G42>I42,F42,I42>G42,H42) -> No_score
A43: 42 | B43: {=XLOOKUP(A43,'Mobile Friendly'!A:A,'Mobile Friendly'!B:B)} -> Masters | C43: Sat | D43: {=XLOOKUP(A43,'Mobile Friendly'!A:A,'Mobile Friendly'!E:E)} -> 1 | E43: {=XLOOKUP(A43,'Mobile Friendly'!A:A,'Mobile Friendly'!C:C)} -> 0.63541667 | F43: {=XLOOKUP(A43,'Master Schedule'!$A$10:$A$90,'Master Schedule'!$C$10:$C$90)} -> Team Orlando | H43: {=XLOOKUP(A43,'Master Schedule'!$A$10:$A$90,'Master Schedule'!$E$10:$E$90)} -> Tampa | J43: =ifs(G43=I43,"No_score",G43>I43,F43,I43>G43,H43) -> No_score
A44: 43 | B44: {=XLOOKUP(A44,'Mobile Friendly'!A:A,'Mobile Friendly'!B:B)} -> 16u Boys | C44: Sat | D44: {=XLOOKUP(A44,'Mobile Friendly'!A:A,'Mobile Friendly'!E:E)} -> 2 | E44: {=XLOOKUP(A44,'Mobile Friendly'!A:A,'Mobile Friendly'!C:C)} -> 0.63541667 | F44: {=XLOOKUP(A44,'Master Schedule'!$G$10:$G$90,'Master Schedule'!$I$10:$I$90)} -> Gladiators | H44: {=XLOOKUP(A44,'Master Schedule'!$G$10:$G$90,'Master Schedule'!$K$10:$K$90)} -> Orlando United | J44: =ifs(G44=I44,"No_score",G44>I44,F44,I44>G44,H44) -> No_score
A45: 44 | B45: {=XLOOKUP(A45,'Mobile Friendly'!A:A,'Mobile Friendly'!B:B)} -> 14u CoEd | C45: Sat | D45: {=XLOOKUP(A45,'Mobile Friendly'!A:A,'Mobile Friendly'!E:E)} -> 3 | E45: {=XLOOKUP(A45,'Mobile Friendly'!A:A,'Mobile Friendly'!C:C)} -> 0.63541667 | F45: {=XLOOKUP(A45,'Master Schedule'!$A$10:$A$90,'Master Schedule'!$C$10:$C$90)} -> St. Andrews | H45: {=XLOOKUP(A45,'Master Schedule'!$A$10:$A$90,'Master Schedule'!$E$10:$E$90)} -> Orlando United | J45: =ifs(G45=I45,"No_score",G45>I45,F45,I45>G45,H45) -> No_score
A46: 45 | B46: {=XLOOKUP(A46,'Mobile Friendly'!A:A,'Mobile Friendly'!B:B)} -> Masters | C46: Sat | D46: {=XLOOKUP(A46,'Mobile Friendly'!A:A,'Mobile Friendly'!E:E)} -> 1 | E46: {=XLOOKUP(A46,'Mobile Friendly'!A:A,'Mobile Friendly'!C:C)} -> 0.67361111 | F46: {=XLOOKUP(A46,'Master Schedule'!$A$10:$A$90,'Master Schedule'!$C$10:$C$90)} -> Orlando Thunder | H46: {=XLOOKUP(A46,'Master Schedule'!$A$10:$A$90,'Master Schedule'!$E$10:$E$90)} -> Patriot | J46: =ifs(G46=I46,"No_score",G46>I46,F46,I46>G46,H46) -> No_score
A47: 46 | B47: {=XLOOKUP(A47,'Mobile Friendly'!A:A,'Mobile Friendly'!B:B)} -> 16u Boys | C47: Sat | D47: {=XLOOKUP(A47,'Mobile Friendly'!A:A,'Mobile Friendly'!E:E)} -> 2 | E47: {=XLOOKUP(A47,'Mobile Friendly'!A:A,'Mobile Friendly'!C:C)} -> 0.67361111 | F47: {=XLOOKUP(A47,'Master Schedule'!$G$10:$G$90,'Master Schedule'!$I$10:$I$90)} -> Orlando Thunder | H47: {=XLOOKUP(A47,'Master Schedule'!$G$10:$G$90,'Master Schedule'!$K$10:$K$90)} -> Marlins | J47: =ifs(G47=I47,"No_score",G47>I47,F47,I47>G47,H47) -> No_score
A48: 47 | B48: {=XLOOKUP(A48,'Mobile Friendly'!A:A,'Mobile Friendly'!B:B)} -> 18u Boys | C48: Sat | D48: {=XLOOKUP(A48,'Mobile Friendly'!A:A,'Mobile Friendly'!E:E)} -> 1 | E48: {=XLOOKUP(A48,'Mobile Friendly'!A:A,'Mobile Friendly'!C:C)} -> 0.71180556 | F48: {=XLOOKUP(A48,'Master Schedule'!$A$10:$A$90,'Master Schedule'!$C$10:$C$90)} -> 3M | H48: {=XLOOKUP(A48,'Master Schedule'!$A$10:$A$90,'Master Schedule'!$E$10:$E$90)} -> 3N | J48: =ifs(G48=I48,"No_score",G48>I48,F48,I48>G48,H48) -> No_score
A49: 48 | B49: {=XLOOKUP(A49,'Mobile Friendly'!A:A,'Mobile Friendly'!B:B)} -> 16u Boys | C49: Sat | D49: {=XLOOKUP(A49,'Mobile Friendly'!A:A,'Mobile Friendly'!E:E)} -> 2 | E49: {=XLOOKUP(A49,'Mobile Friendly'!A:A,'Mobile Friendly'!C:C)} -> 0.71180556 | F49: {=XLOOKUP(A49,'Master Schedule'!$G$10:$G$90,'Master Schedule'!$I$10:$I$90)} -> Wolverines | H49: {=XLOOKUP(A49,'Master Schedule'!$G$10:$G$90,'Master Schedule'!$K$10:$K$90)} -> Dynamo | J49: =ifs(G49=I49,"No_score",G49>I49,F49,I49>G49,H49) -> No_score
A50: 49 | B50: {=XLOOKUP(A50,'Mobile Friendly'!A:A,'Mobile Friendly'!B:B)} -> 14u CoEd | C50: Sat | D50: {=XLOOKUP(A50,'Mobile Friendly'!A:A,'Mobile Friendly'!E:E)} -> 3 | E50: {=XLOOKUP(A50,'Mobile Friendly'!A:A,'Mobile Friendly'!C:C)} -> 0.71180556 | F50: {=XLOOKUP(A50,'Master Schedule'!$A$10:$A$90,'Master Schedule'!$C$10:$C$90)} -> Gladiators | H50: {=XLOOKUP(A50,'Master Schedule'!$A$10:$A$90,'Master Schedule'!$E$10:$E$90)} -> Wolverines Yellow | J50: =ifs(G50=I50,"No_score",G50>I50,F50,I50>G50,H50) -> No_score
A51: 50 | B51: {=XLOOKUP(A51,'Mobile Friendly'!A:A,'Mobile Friendly'!B:B)} -> 18u Boys | C51: Sun | D51: {=XLOOKUP(A51,'Mobile Friendly'!A:A,'Mobile Friendly'!E:E)} -> 1 | E51: {=XLOOKUP(A51,'Mobile Friendly'!A:A,'Mobile Friendly'!C:C)} -> 0.75 | F51: {=XLOOKUP(A51,'Master Schedule'!$A$10:$A$90,'Master Schedule'!$C$10:$C$90)} -> 2M | H51: {=XLOOKUP(A51,'Master Schedule'!$A$10:$A$90,'Master Schedule'!$E$10:$E$90)} -> 2O | J51: =ifs(G51=I51,"No_score",G51>I51,F51,I51>G51,H51) -> No_score
A52: 51 | B52: {=XLOOKUP(A52,'Mobile Friendly'!A:A,'Mobile Friendly'!B:B)} -> 16u Boys | C52: Sun | D52: {=XLOOKUP(A52,'Mobile Friendly'!A:A,'Mobile Friendly'!E:E)} -> 2 | E52: {=XLOOKUP(A52,'Mobile Friendly'!A:A,'Mobile Friendly'!C:C)} -> 0.75 | F52: {=XLOOKUP(A52,'Master Schedule'!$G$10:$G$90,'Master Schedule'!$I$10:$I$90)} -> Team Orlando | H52: {=XLOOKUP(A52,'Master Schedule'!$G$10:$G$90,'Master Schedule'!$K$10:$K$90)} -> Seminole | J52: =ifs(G52=I52,"No_score",G52>I52,F52,I52>G52,H52) -> No_score
A53: 52 | B53: {=XLOOKUP(A53,'Mobile Friendly'!A:A,'Mobile Friendly'!B:B)} -> 16u Girls | C53: Sun | D53: {=XLOOKUP(A53,'Mobile Friendly'!A:A,'Mobile Friendly'!E:E)} -> 3 | E53: {=XLOOKUP(A53,'Mobile Friendly'!A:A,'Mobile Friendly'!C:C)} -> 0.75 | F53: {=XLOOKUP(A53,'Master Schedule'!$A$10:$A$90,'Master Schedule'!$C$10:$C$90)} -> 2F | H53: {=XLOOKUP(A53,'Master Schedule'!$A$10:$A$90,'Master Schedule'!$E$10:$E$90)} -> 3G | J53: =ifs(G53=I53,"No_score",G53>I53,F53,I53>G53,H53) -> No_score
A54: 53 | B54: {=XLOOKUP(A54,'Mobile Friendly'!A:A,'Mobile Friendly'!B:B)} -> Masters | C54: Sun | D54: {=XLOOKUP(A54,'Mobile Friendly'!A:A,'Mobile Friendly'!E:E)} -> 1 | E54: {=XLOOKUP(A54,'Mobile Friendly'!A:A,'Mobile Friendly'!C:C)} -> 0.78819444 | F54: {=XLOOKUP(A54,'Master Schedule'!$A$10:$A$90,'Master Schedule'!$C$10:$C$90)} -> Orlando Thunder | H54: {=XLOOKUP(A54,'Master Schedule'!$A$10:$A$90,'Master Schedule'!$E$10:$E$90)} -> Team Orlando Black | J54: =ifs(G54=I54,"No_score",G54>I54,F54,I54>G54,H54) -> No_score
A55: 54 | B55: {=XLOOKUP(A55,'Mobile Friendly'!A:A,'Mobile Friendly'!B:B)} -> 16u Girls | C55: Sun | D55: {=XLOOKUP(A55,'Mobile Friendly'!A:A,'Mobile Friendly'!E:E)} -> 2 | E55: {=XLOOKUP(A55,'Mobile Friendly'!A:A,'Mobile Friendly'!C:C)} -> 0.78819444 | F55: {=XLOOKUP(A55,'Master Schedule'!$G$10:$G$90,'Master Schedule'!$I$10:$I$90)} -> 2G | H55: {=XLOOKUP(A55,'Master Schedule'!$G$10:$G$90,'Master Schedule'!$K$10:$K$90)} -> 3F | J55: =ifs(G55=I55,"No_score",G55>I55,F55,I55>G55,H55) -> No_score
A56: 55 | B56: {=XLOOKUP(A56,'Mobile Friendly'!A:A,'Mobile Friendly'!B:B)} -> 12u CoEd | C56: Sun | D56: {=XLOOKUP(A56,'Mobile Friendly'!A:A,'Mobile Friendly'!E:E)} -> 3 | E56: {=XLOOKUP(A56,'Mobile Friendly'!A:A,'Mobile Friendly'!C:C)} -> 0.78819444 | F56: {=XLOOKUP(A56,'Master Schedule'!$A$10:$A$90,'Master Schedule'!$C$10:$C$90)} -> Orlando Thunder | H56: {=XLOOKUP(A56,'Master Schedule'!$A$10:$A$90,'Master Schedule'!$E$10:$E$90)} -> Patriot | J56: =ifs(G56=I56,"No_score",G56>I56,F56,I56>G56,H56) -> No_score
A57: 56 | B57: {=XLOOKUP(A57,'Mobile Friendly'!A:A,'Mobile Friendly'!B:B)} -> 18u Boys | C57: Sun | D57: {=XLOOKUP(A57,'Mobile Friendly'!A:A,'Mobile Friendly'!E:E)} -> 1 | E57: {=XLOOKUP(A57,'Mobile Friendly'!A:A,'Mobile Friendly'!C:C)} -> 0.82638889 | F57: {=XLOOKUP(A57,'Master Schedule'!$A$10:$A$90,'Master Schedule'!$C$10:$C$90)} -> 1M | H57: {=XLOOKUP(A57,'Master Schedule'!$A$10:$A$90,'Master Schedule'!$E$10:$E$90)} -> 1O | J57: =ifs(G57=I57,"No_score",G57>I57,F57,I57>G57,H57) -> No_score
A58: 57 | B58: {=XLOOKUP(A58,'Mobile Friendly'!A:A,'Mobile Friendly'!B:B)} -> 14u CoEd | C58: Sun | D58: {=XLOOKUP(A58,'Mobile Friendly'!A:A,'Mobile Friendly'!E:E)} -> 2 | E58: {=XLOOKUP(A58,'Mobile Friendly'!A:A,'Mobile Friendly'!C:C)} -> 0.82638889 | F58: {=XLOOKUP(A58,'Master Schedule'!$G$10:$G$90,'Master Schedule'!$I$10:$I$90)} -> 3D | H58: {=XLOOKUP(A58,'Master Schedule'!$G$10:$G$90,'Master Schedule'!$K$10:$K$90)} -> 3E | J58: =ifs(G58=I58,"No_score",G58>I58,F58,I58>G58,H58) -> No_score
A59: 58 | B59: {=XLOOKUP(A59,'Mobile Friendly'!A:A,'Mobile Friendly'!B:B)} -> 12u CoEd | C59: Sun | D59: {=XLOOKUP(A59,'Mobile Friendly'!A:A,'Mobile Friendly'!E:E)} -> 3 | E59: {=XLOOKUP(A59,'Mobile Friendly'!A:A,'Mobile Friendly'!C:C)} -> 0.82638889 | F59: {=XLOOKUP(A59,'Master Schedule'!$A$10:$A$90,'Master Schedule'!$C$10:$C$90)} -> Team Orlando | H59: {=XLOOKUP(A59,'Master Schedule'!$A$10:$A$90,'Master Schedule'!$E$10:$E$90)} -> Gladiators | J59: =ifs(G59=I59,"No_score",G59>I59,F59,I59>G59,H59) -> No_score
A60: 59 | B60: {=XLOOKUP(A60,'Mobile Friendly'!A:A,'Mobile Friendly'!B:B)} -> 18u Boys | C60: Sun | D60: {=XLOOKUP(A60,'Mobile Friendly'!A:A,'Mobile Friendly'!E:E)} -> 1 | E60: {=XLOOKUP(A60,'Mobile Friendly'!A:A,'Mobile Friendly'!C:C)} -> 0.29166667 | F60: {=XLOOKUP(A60,'Master Schedule'!$A$10:$A$90,'Master Schedule'!$C$10:$C$90)} -> 3N | H60: {=XLOOKUP(A60,'Master Schedule'!$A$10:$A$90,'Master Schedule'!$E$10:$E$90)} -> 3O | J60: =ifs(G60=I60,"No_score",G60>I60,F60,I60>G60,H60) -> No_score
A61: 60 | B61: {=XLOOKUP(A61,'Mobile Friendly'!A:A,'Mobile Friendly'!B:B)} -> 16u Boys | C61: Sun | D61: {=XLOOKUP(A61,'Mobile Friendly'!A:A,'Mobile Friendly'!E:E)} -> 2 | E61: {=XLOOKUP(A61,'Mobile Friendly'!A:A,'Mobile Friendly'!C:C)} -> 0.29166667 | F61: {=XLOOKUP(A61,'Master Schedule'!$G$10:$G$90,'Master Schedule'!$I$10:$I$90)} -> Wolverines | H61: {=XLOOKUP(A61,'Master Schedule'!$G$10:$G$90,'Master Schedule'!$K$10:$K$90)} -> Team Orlando | J61: =ifs(G61=I61,"No_score",G61>I61,F61,I61>G61,H61) -> No_score
A62: 61 | B62: {=XLOOKUP(A62,'Mobile Friendly'!A:A,'Mobile Friendly'!B:B)} -> 14u CoEd | C62: Sun | D62: {=XLOOKUP(A62,'Mobile Friendly'!A:A,'Mobile Friendly'!E:E)} -> 3 | E62: {=XLOOKUP(A62,'Mobile Friendly'!A:A,'Mobile Friendly'!C:C)} -> 0.29166667 | F62: {=XLOOKUP(A62,'Master Schedule'!$A$10:$A$90,'Master Schedule'!$C$10:$C$90)} -> 2C | H62: {=XLOOKUP(A62,'Master Schedule'!$A$10:$A$90,'Master Schedule'!$E$10:$E$90)} -> 2E | J62: =ifs(G62=I62,"No_score",G62>I62,F62,I62>G62,H62) -> No_score
A63: 62 | B63: {=XLOOKUP(A63,'Mobile Friendly'!A:A,'Mobile Friendly'!B:B)} -> 18u Boys | C63: Sun | D63: {=XLOOKUP(A63,'Mobile Friendly'!A:A,'Mobile Friendly'!E:E)} -> 1 | E63: {=XLOOKUP(A63,'Mobile Friendly'!A:A,'Mobile Friendly'!C:C)} -> 0.32986111 | F63: {=XLOOKUP(A63,'Master Schedule'!$A$10:$A$90,'Master Schedule'!$C$10:$C$90)} -> 2M | H63: {=XLOOKUP(A63,'Master Schedule'!$A$10:$A$90,'Master Schedule'!$E$10:$E$90)} -> 2N | J63: =ifs(G63=I63,"No_score",G63>I63,F63,I63>G63,H63) -> No_score
A64: 63 | B64: {=XLOOKUP(A64,'Mobile Friendly'!A:A,'Mobile Friendly'!B:B)} -> 16u Boys | C64: Sun | D64: {=XLOOKUP(A64,'Mobile Friendly'!A:A,'Mobile Friendly'!E:E)} -> 2 | E64: {=XLOOKUP(A64,'Mobile Friendly'!A:A,'Mobile Friendly'!C:C)} -> 0.32986111 | F64: {=XLOOKUP(A64,'Master Schedule'!$G$10:$G$90,'Master Schedule'!$I$10:$I$90)} -> Gladiators | H64: {=XLOOKUP(A64,'Master Schedule'!$G$10:$G$90,'Master Schedule'!$K$10:$K$90)} -> Marlins | J64: =ifs(G64=I64,"No_score",G64>I64,F64,I64>G64,H64) -> No_score
A65: 64 | B65: {=XLOOKUP(A65,'Mobile Friendly'!A:A,'Mobile Friendly'!B:B)} -> 14u CoEd | C65: Sun | D65: {=XLOOKUP(A65,'Mobile Friendly'!A:A,'Mobile Friendly'!E:E)} -> 3 | E65: {=XLOOKUP(A65,'Mobile Friendly'!A:A,'Mobile Friendly'!C:C)} -> 0.32986111 | F65: {=XLOOKUP(A65,'Master Schedule'!$A$10:$A$90,'Master Schedule'!$C$10:$C$90)} -> 3C | H65: {=XLOOKUP(A65,'Master Schedule'!$A$10:$A$90,'Master Schedule'!$E$10:$E$90)} -> 3E | J65: =ifs(G65=I65,"No_score",G65>I65,F65,I65>G65,H65) -> No_score
A66: 65 | B66: {=XLOOKUP(A66,'Mobile Friendly'!A:A,'Mobile Friendly'!B:B)} -> 18u Boys | C66: Sun | D66: {=XLOOKUP(A66,'Mobile Friendly'!A:A,'Mobile Friendly'!E:E)} -> 1 | E66: {=XLOOKUP(A66,'Mobile Friendly'!A:A,'Mobile Friendly'!C:C)} -> 0.36805556 | F66: {=XLOOKUP(A66,'Master Schedule'!$A$10:$A$90,'Master Schedule'!$C$10:$C$90)} -> 1M | H66: {=XLOOKUP(A66,'Master Schedule'!$A$10:$A$90,'Master Schedule'!$E$10:$E$90)} -> 1N | J66: =ifs(G66=I66,"No_score",G66>I66,F66,I66>G66,H66) -> No_score
A67: 66 | B67: {=XLOOKUP(A67,'Mobile Friendly'!A:A,'Mobile Friendly'!B:B)} -> 14u CoEd | C67: Sun | D67: {=XLOOKUP(A67,'Mobile Friendly'!A:A,'Mobile Friendly'!E:E)} -> 2 | E67: {=XLOOKUP(A67,'Mobile Friendly'!A:A,'Mobile Friendly'!C:C)} -> 0.36805556 | F67: {=XLOOKUP(A67,'Master Schedule'!$G$10:$G$90,'Master Schedule'!$I$10:$I$90)} -> 1C | H67: {=XLOOKUP(A67,'Master Schedule'!$G$10:$G$90,'Master Schedule'!$K$10:$K$90)} -> 1D | J67: =ifs(G67=I67,"No_score",G67>I67,F67,I67>G67,H67) -> No_score
A68: 67 | B68: {=XLOOKUP(A68,'Mobile Friendly'!A:A,'Mobile Friendly'!B:B)} -> 12u CoEd | C68: Sun | D68: {=XLOOKUP(A68,'Mobile Friendly'!A:A,'Mobile Friendly'!E:E)} -> 3 | E68: {=XLOOKUP(A68,'Mobile Friendly'!A:A,'Mobile Friendly'!C:C)} -> 0.36805556 | F68: {=XLOOKUP(A68,'Master Schedule'!$A$10:$A$90,'Master Schedule'!$C$10:$C$90)} -> 1B | H68: {=XLOOKUP(A68,'Master Schedule'!$A$10:$A$90,'Master Schedule'!$E$10:$E$90)} -> 2B | J68: =ifs(G68=I68,"No_score",G68>I68,F68,I68>G68,H68) -> No_score
A69: 68 | B69: {=XLOOKUP(A69,'Mobile Friendly'!A:A,'Mobile Friendly'!B:B)} -> Masters | C69: Sun | D69: {=XLOOKUP(A69,'Mobile Friendly'!A:A,'Mobile Friendly'!E:E)} -> 1 | E69: {=XLOOKUP(A69,'Mobile Friendly'!A:A,'Mobile Friendly'!C:C)} -> 0.40625 | F69: {=XLOOKUP(A69,'Master Schedule'!$A$10:$A$90,'Master Schedule'!$C$10:$C$90)} -> Patriot | H69: {=XLOOKUP(A69,'Master Schedule'!$A$10:$A$90,'Master Schedule'!$E$10:$E$90)} -> Tampa | J69: =ifs(G69=I69,"No_score",G69>I69,F69,I69>G69,H69) -> No_score
A70: 69 | B70: {=XLOOKUP(A70,'Mobile Friendly'!A:A,'Mobile Friendly'!B:B)} -> 16u Girls | C70: Sun | D70: {=XLOOKUP(A70,'Mobile Friendly'!A:A,'Mobile Friendly'!E:E)} -> 2 | E70: {=XLOOKUP(A70,'Mobile Friendly'!A:A,'Mobile Friendly'!C:C)} -> 0.40625 | F70: {=XLOOKUP(A70,'Master Schedule'!$G$10:$G$90,'Master Schedule'!$I$10:$I$90)} -> 1F | H70: {=XLOOKUP(A70,'Master Schedule'!$G$10:$G$90,'Master Schedule'!$K$10:$K$90)} -> Winner - 52 | J70: =ifs(G70=I70,"No_score",G70>I70,F70,I70>G70,H70) -> No_score
A71: 70 | B71: {=XLOOKUP(A71,'Mobile Friendly'!A:A,'Mobile Friendly'!B:B)} -> 12u CoEd | C71: Sun | D71: {=XLOOKUP(A71,'Mobile Friendly'!A:A,'Mobile Friendly'!E:E)} -> 3 | E71: {=XLOOKUP(A71,'Mobile Friendly'!A:A,'Mobile Friendly'!C:C)} -> 0.40625 | F71: {=XLOOKUP(A71,'Master Schedule'!$A$10:$A$90,'Master Schedule'!$C$10:$C$90)} -> 3B | H71: {=XLOOKUP(A71,'Master Schedule'!$A$10:$A$90,'Master Schedule'!$E$10:$E$90)} -> 4B | J71: =ifs(G71=I71,"No_score",G71>I71,F71,I71>G71,H71) -> No_score
A72: 71 | B72: {=XLOOKUP(A72,'Mobile Friendly'!A:A,'Mobile Friendly'!B:B)} -> 18u Boys | C72: Sun | D72: {=XLOOKUP(A72,'Mobile Friendly'!A:A,'Mobile Friendly'!E:E)} -> 1 | E72: {=XLOOKUP(A72,'Mobile Friendly'!A:A,'Mobile Friendly'!C:C)} -> 0.44444444 | F72: {=XLOOKUP(A72,'Master Schedule'!$A$10:$A$90,'Master Schedule'!$C$10:$C$90)} -> 3M | H72: {=XLOOKUP(A72,'Master Schedule'!$A$10:$A$90,'Master Schedule'!$E$10:$E$90)} -> 3O | J72: =ifs(G72=I72,"No_score",G72>I72,F72,I72>G72,H72) -> No_score
A73: 72 | B73: {=XLOOKUP(A73,'Mobile Friendly'!A:A,'Mobile Friendly'!B:B)} -> 16u Girls | C73: Sun | D73: {=XLOOKUP(A73,'Mobile Friendly'!A:A,'Mobile Friendly'!E:E)} -> 2 | E73: {=XLOOKUP(A73,'Mobile Friendly'!A:A,'Mobile Friendly'!C:C)} -> 0.44444444 | F73: {=XLOOKUP(A73,'Master Schedule'!$G$10:$G$90,'Master Schedule'!$I$10:$I$90)} -> 1G | H73: {=XLOOKUP(A73,'Master Schedule'!$G$10:$G$90,'Master Schedule'!$K$10:$K$90)} -> Winner - 54 | J73: =ifs(G73=I73,"No_score",G73>I73,F73,I73>G73,H73) -> No_score
A74: 73 | B74: {=XLOOKUP(A74,'Mobile Friendly'!A:A,'Mobile Friendly'!B:B)} -> 16u Girls | C74: Sun | D74: {=XLOOKUP(A74,'Mobile Friendly'!A:A,'Mobile Friendly'!E:E)} -> 3 | E74: {=XLOOKUP(A74,'Mobile Friendly'!A:A,'Mobile Friendly'!C:C)} -> 0.44444444 | F74: {=XLOOKUP(A74,'Master Schedule'!$A$10:$A$90,'Master Schedule'!$C$10:$C$90)} -> Loser - 52 | H74: {=XLOOKUP(A74,'Master Schedule'!$A$10:$A$90,'Master Schedule'!$E$10:$E$90)} -> Loser - 54 | J74: =ifs(G74=I74,"No_score",G74>I74,F74,I74>G74,H74) -> No_score
A75: 74 | B75: {=XLOOKUP(A75,'Mobile Friendly'!A:A,'Mobile Friendly'!B:B)} -> 18u Boys | C75: Sun | D75: {=XLOOKUP(A75,'Mobile Friendly'!A:A,'Mobile Friendly'!E:E)} -> 1 | E75: {=XLOOKUP(A75,'Mobile Friendly'!A:A,'Mobile Friendly'!C:C)} -> 0.48263889 | F75: {=XLOOKUP(A75,'Master Schedule'!$A$10:$A$90,'Master Schedule'!$C$10:$C$90)} -> 2N | H75: {=XLOOKUP(A75,'Master Schedule'!$A$10:$A$90,'Master Schedule'!$E$10:$E$90)} -> 2O | J75: =ifs(G75=I75,"No_score",G75>I75,F75,I75>G75,H75) -> No_score
A76: 75 | B76: {=XLOOKUP(A76,'Mobile Friendly'!A:A,'Mobile Friendly'!B:B)} -> 14u CoEd | C76: Sun | D76: {=XLOOKUP(A76,'Mobile Friendly'!A:A,'Mobile Friendly'!E:E)} -> 2 | E76: {=XLOOKUP(A76,'Mobile Friendly'!A:A,'Mobile Friendly'!C:C)} -> 0.48263889 | F76: {=XLOOKUP(A76,'Master Schedule'!$G$10:$G$90,'Master Schedule'!$I$10:$I$90)} -> 1D | H76: {=XLOOKUP(A76,'Master Schedule'!$G$10:$G$90,'Master Schedule'!$K$10:$K$90)} -> 1E | J76: =ifs(G76=I76,"No_score",G76>I76,F76,I76>G76,H76) -> No_score
A77: 76 | B77: {=XLOOKUP(A77,'Mobile Friendly'!A:A,'Mobile Friendly'!B:B)} -> 14u CoEd | C77: Sun | D77: {=XLOOKUP(A77,'Mobile Friendly'!A:A,'Mobile Friendly'!E:E)} -> 3 | E77: {=XLOOKUP(A77,'Mobile Friendly'!A:A,'Mobile Friendly'!C:C)} -> 0.48263889 | F77: {=XLOOKUP(A77,'Master Schedule'!$A$10:$A$90,'Master Schedule'!$C$10:$C$90)} -> 2C | H77: {=XLOOKUP(A77,'Master Schedule'!$A$10:$A$90,'Master Schedule'!$E$10:$E$90)} -> 2D | J77: =ifs(G77=I77,"No_score",G77>I77,F77,I77>G77,H77) -> No_score
A78: 77 | B78: {=XLOOKUP(A78,'Mobile Friendly'!A:A,'Mobile Friendly'!B:B)} -> Masters | C78: Sun | D78: {=XLOOKUP(A78,'Mobile Friendly'!A:A,'Mobile Friendly'!E:E)} -> 1 | E78: {=XLOOKUP(A78,'Mobile Friendly'!A:A,'Mobile Friendly'!C:C)} -> 0.52083333 | F78: {=XLOOKUP(A78,'Master Schedule'!$A$10:$A$90,'Master Schedule'!$C$10:$C$90)} -> Tampa | H78: {=XLOOKUP(A78,'Master Schedule'!$A$10:$A$90,'Master Schedule'!$E$10:$E$90)} -> Team Orlando Black | J78: =ifs(G78=I78,"No_score",G78>I78,F78,I78>G78,H78) -> No_score
A79: 78 | B79: {=XLOOKUP(A79,'Mobile Friendly'!A:A,'Mobile Friendly'!B:B)} -> 16u Boys | C79: Sun | D79: {=XLOOKUP(A79,'Mobile Friendly'!A:A,'Mobile Friendly'!E:E)} -> 2 | E79: {=XLOOKUP(A79,'Mobile Friendly'!A:A,'Mobile Friendly'!C:C)} -> 0.52083333 | F79: {=XLOOKUP(A79,'Master Schedule'!$G$10:$G$90,'Master Schedule'!$I$10:$I$90)} -> 1H | H79: {=XLOOKUP(A79,'Master Schedule'!$G$10:$G$90,'Master Schedule'!$K$10:$K$90)} -> 1J | J79: =ifs(G79=I79,"No_score",G79>I79,F79,I79>G79,H79) -> No_score
A80: 79 | B80: {=XLOOKUP(A80,'Mobile Friendly'!A:A,'Mobile Friendly'!B:B)} -> 14u CoEd | C80: Sun | D80: {=XLOOKUP(A80,'Mobile Friendly'!A:A,'Mobile Friendly'!E:E)} -> 3 | E80: {=XLOOKUP(A80,'Mobile Friendly'!A:A,'Mobile Friendly'!C:C)} -> 0.52083333 | F80: {=XLOOKUP(A80,'Master Schedule'!$A$10:$A$90,'Master Schedule'!$C$10:$C$90)} -> 3C | H80: {=XLOOKUP(A80,'Master Schedule'!$A$10:$A$90,'Master Schedule'!$E$10:$E$90)} -> 3D | J80: =ifs(G80=I80,"No_score",G80>I80,F80,I80>G80,H80) -> No_score
A81: 80 | B81: {=XLOOKUP(A81,'Mobile Friendly'!A:A,'Mobile Friendly'!B:B)} -> Masters | C81: Sun | D81: {=XLOOKUP(A81,'Mobile Friendly'!A:A,'Mobile Friendly'!E:E)} -> 1 | E81: {=XLOOKUP(A81,'Mobile Friendly'!A:A,'Mobile Friendly'!C:C)} -> 0.55902778 | F81: {=XLOOKUP(A81,'Master Schedule'!$A$10:$A$90,'Master Schedule'!$C$10:$C$90)} -> Team Orlando | H81: {=XLOOKUP(A81,'Master Schedule'!$A$10:$A$90,'Master Schedule'!$E$10:$E$90)} -> Orlando Thunder | J81: =ifs(G81=I81,"No_score",G81>I81,F81,I81>G81,H81) -> No_score
A82: 81 | B82: {=XLOOKUP(A82,'Mobile Friendly'!A:A,'Mobile Friendly'!B:B)} -> 16u Boys | C82: Sun | D82: {=XLOOKUP(A82,'Mobile Friendly'!A:A,'Mobile Friendly'!E:E)} -> 2 | E82: {=XLOOKUP(A82,'Mobile Friendly'!A:A,'Mobile Friendly'!C:C)} -> 0.55902778 | F82: {=XLOOKUP(A82,'Master Schedule'!$G$10:$G$90,'Master Schedule'!$I$10:$I$90)} -> 2H | H82: {=XLOOKUP(A82,'Master Schedule'!$G$10:$G$90,'Master Schedule'!$K$10:$K$90)} -> 2J | J82: =ifs(G82=I82,"No_score",G82>I82,F82,I82>G82,H82) -> No_score
A83: 82 | B83: {=XLOOKUP(A83,'Mobile Friendly'!A:A,'Mobile Friendly'!B:B)} -> 16u Boys | C83: Sun | D83: {=XLOOKUP(A83,'Mobile Friendly'!A:A,'Mobile Friendly'!E:E)} -> 3 | E83: {=XLOOKUP(A83,'Mobile Friendly'!A:A,'Mobile Friendly'!C:C)} -> 0.55902778 | F83: {=XLOOKUP(A83,'Master Schedule'!$A$10:$A$90,'Master Schedule'!$C$10:$C$90)} -> 3H | H83: {=XLOOKUP(A83,'Master Schedule'!$A$10:$A$90,'Master Schedule'!$E$10:$E$90)} -> 3J | J83: =ifs(G83=I83,"No_score",G83>I83,F83,I83>G83,H83) -> No_score
A84: 83 | B84: {=XLOOKUP(A84,'Mobile Friendly'!A:A,'Mobile Friendly'!B:B)} -> 18u Boys | C84: Sun | D84: {=XLOOKUP(A84,'Mobile Friendly'!A:A,'Mobile Friendly'!E:E)} -> 1 | E84: {=XLOOKUP(A84,'Mobile Friendly'!A:A,'Mobile Friendly'!C:C)} -> 0.59722222 | F84: {=XLOOKUP(A84,'Master Schedule'!$A$10:$A$90,'Master Schedule'!$C$10:$C$90)} -> 1N | H84: {=XLOOKUP(A84,'Master Schedule'!$A$10:$A$90,'Master Schedule'!$E$10:$E$90)} -> 1O | J84: =ifs(G84=I84,"No_score",G84>I84,F84,I84>G84,H84) -> No_score
A85: 84 | B85: {=XLOOKUP(A85,'Mobile Friendly'!A:A,'Mobile Friendly'!B:B)} -> 16u Girls | C85: Sun | D85: {=XLOOKUP(A85,'Mobile Friendly'!A:A,'Mobile Friendly'!E:E)} -> 2 | E85: {=XLOOKUP(A85,'Mobile Friendly'!A:A,'Mobile Friendly'!C:C)} -> 0.59722222 | F85: {=XLOOKUP(A85,'Master Schedule'!$G$10:$G$90,'Master Schedule'!$I$10:$I$90)} -> Winner - 69 | H85: {=XLOOKUP(A85,'Master Schedule'!$G$10:$G$90,'Master Schedule'!$K$10:$K$90)} -> Winner - 72 | J85: =ifs(G85=I85,"No_score",G85>I85,F85,I85>G85,H85) -> No_score
A86: 85 | B86: {=XLOOKUP(A86,'Mobile Friendly'!A:A,'Mobile Friendly'!B:B)} -> 16u Boys | C86: Sun | D86: {=XLOOKUP(A86,'Mobile Friendly'!A:A,'Mobile Friendly'!E:E)} -> 3 | E86: {=XLOOKUP(A86,'Mobile Friendly'!A:A,'Mobile Friendly'!C:C)} -> 0.59722222 | F86: {=XLOOKUP(A86,'Master Schedule'!$A$10:$A$90,'Master Schedule'!$C$10:$C$90)} -> 4H | H86: {=XLOOKUP(A86,'Master Schedule'!$A$10:$A$90,'Master Schedule'!$E$10:$E$90)} -> 4J | J86: =ifs(G86=I86,"No_score",G86>I86,F86,I86>G86,H86) -> No_score
A87: 86 | B87: {=XLOOKUP(A87,'Mobile Friendly'!A:A,'Mobile Friendly'!B:B)} -> 14u CoEd | C87: Sun | D87: {=XLOOKUP(A87,'Mobile Friendly'!A:A,'Mobile Friendly'!E:E)} -> 1 | E87: {=XLOOKUP(A87,'Mobile Friendly'!A:A,'Mobile Friendly'!C:C)} -> 0.63541667 | F87: {=XLOOKUP(A87,'Master Schedule'!$A$10:$A$90,'Master Schedule'!$C$10:$C$90)} -> 1C | H87: {=XLOOKUP(A87,'Master Schedule'!$A$10:$A$90,'Master Schedule'!$E$10:$E$90)} -> 1E | J87: =ifs(G87=I87,"No_score",G87>I87,F87,I87>G87,H87) -> No_score
A88: 87 | B88: {=XLOOKUP(A88,'Mobile Friendly'!A:A,'Mobile Friendly'!B:B)} -> 14u CoEd | C88: Sun | D88: {=XLOOKUP(A88,'Mobile Friendly'!A:A,'Mobile Friendly'!E:E)} -> 2 | E88: {=XLOOKUP(A88,'Mobile Friendly'!A:A,'Mobile Friendly'!C:C)} -> 0.63541667 | F88: {=XLOOKUP(A88,'Master Schedule'!$G$10:$G$90,'Master Schedule'!$I$10:$I$90)} -> 2D | H88: {=XLOOKUP(A88,'Master Schedule'!$G$10:$G$90,'Master Schedule'!$K$10:$K$90)} -> 2E | J88: =ifs(G88=I88,"No_score",G88>I88,F88,I88>G88,H88) -> No_score
A89: 88 | B89: {=XLOOKUP(A89,'Mobile Friendly'!A:A,'Mobile Friendly'!B:B)} -> 16u Girls | C89: Sun | D89: {=XLOOKUP(A89,'Mobile Friendly'!A:A,'Mobile Friendly'!E:E)} -> 3 | E89: {=XLOOKUP(A89,'Mobile Friendly'!A:A,'Mobile Friendly'!C:C)} -> 0.63541667 | F89: {=XLOOKUP(A89,'Master Schedule'!$A$10:$A$90,'Master Schedule'!$C$10:$C$90)} -> Loser - 69 | H89: {=XLOOKUP(A89,'Master Schedule'!$A$10:$A$90,'Master Schedule'!$E$10:$E$90)} -> Loser - 72 | J89: =ifs(G89=I89,"No_score",G89>I89,F89,I89>G89,H89) -> No_score

Sheet TeamBrackets
B1: BRACKETS
G2: Bracket Status
G3: Division | H3: Bracket | I3: Team_Name | J3: Wins | K3: Brk_Rank | L3: Div_Rank
B4: Orlando Thunder | C4: Team Orlando | G4: 10u CoEd | H4: A | I4: Team Orlando | J4: =countifs(Game_Scores!J:J,I4,Game_Scores!B:B,G4) -> 0
B5: Seminole | C5: Kraken | G5: 10u CoEd | H5: A | I5: Orlando Thunder | J5: =countifs(Game_Scores!J:J,I5,Game_Scores!B:B,G5) -> 0
B6: Barcelona | C6: Whitecaps | G6: 12u CoEd | H6: B | I6: Team Orlando | J6: =countifs(Game_Scores!J:J,I6,Game_Scores!B:B,G6) -> 0
B7: Gladiators | C7: Next Level | G7: 12u CoEd | H7: B | I7: Orlando Thunder | J7: =countifs(Game_Scores!J:J,I7,Game_Scores!B:B,G7) -> 0
G8: 12u CoEd | H8: B | I8: Gladiators | J8: =countifs(Game_Scores!J:J,I8,Game_Scores!B:B,G8) -> 0
B9: 18U Girls | G9: 12u CoEd | H9: B | I9: Patriot | J9: =countifs(Game_Scores!J:J,I9,Game_Scores!B:B,G9) -> 0
B10: E | G10: 14u CoEd | H10: C | I10: Team Orlando | J10: =countifs(Game_Scores!J:J,I10,Game_Scores!B:B,G10) -> 0
B11: Seminole | G11: 14u CoEd | H11: C | I11: Wolverines Blue | J11: =countifs(Game_Scores!J:J,I11,Game_Scores!B:B,G11) -> 0
B12: Orlando Thunder | G12: 14u CoEd | H12: C | I12: Patriot | J12: =countifs(Game_Scores!J:J,I12,Game_Scores!B:B,G12) -> 0
B13: Patriot | G13: 14u CoEd | H13: D | I13: Orlando Thunder | J13: =countifs(Game_Scores!J:J,I13,Game_Scores!B:B,G13) -> 0
B14: Team Orlando | G14: 14u CoEd | H14: D | I14: St. Andrews | J14: =countifs(Game_Scores!J:J,I14,Game_Scores!B:B,G14) -> 0
B15: Barcelona | G15: 14u CoEd | H15: D | I15: Orlando United | J15: =countifs(Game_Scores!J:J,I15,Game_Scores!B:B,G15) -> 0
G16: 14u CoEd | H16: E | I16: Seminole | J16: =countifs(Game_Scores!J:J,I16,Game_Scores!B:B,G16) -> 0
B17: 18U Boys | G17: 14u CoEd | H17: E | I17: Gladiators | J17: =countifs(Game_Scores!J:J,I17,Game_Scores!B:B,G17) -> 0
B18: F | C18: G | D18: H | G18: 14u CoEd | H18: E | I18: Wolverines Yellow | J18: =countifs(Game_Scores!J:J,I18,Game_Scores!B:B,G18) -> 0
B19: Barcelona | C19: Hialeah | D19: Thunder Green | G19: 16u Girls | H19: F | I19: Team Orlando | J19: =countifs(Game_Scores!J:J,I19,Game_Scores!B:B,G19) -> 0
B20: Team Orlando | C20: Patriot White | D20: Michigan | G20: 16u Girls | H20: F | I20: Orlando United | J20: =countifs(Game_Scores!J:J,I20,Game_Scores!B:B,G20) -> 0
B21: Patriot Black | C21: Gladiators | D21: Next Level | G21: 16u Girls | H21: F | I21: Orlando Thunder 14 | J21: =countifs(Game_Scores!J:J,I21,Game_Scores!B:B,G21) -> 0
B22: Kraken | C22: Thunder Blue | D22: Team Orlando Black | G22: 16u Girls | H22: G | I22: Orlando Thunder | J22: =countifs(Game_Scores!J:J,I22,Game_Scores!B:B,G22) -> 0
G23: 16u Girls | H23: G | I23: Seminole | J23: =countifs(Game_Scores!J:J,I23,Game_Scores!B:B,G23) -> 0
G24: 16u Girls | H24: G | I24: Patriot | J24: =countifs(Game_Scores!J:J,I24,Game_Scores!B:B,G24) -> 0
G25: 16u Boys | H25: H | I25: Orlando Thunder | J25: =countifs(Game_Scores!J:J,I25,Game_Scores!B:B,G25) -> 0
G26: 16u Boys | H26: H | I26: Gladiators | J26: =countifs(Game_Scores!J:J,I26,Game_Scores!B:B,G26) -> 0
G27: 16u Boys | H27: H | I27: Orlando United | J27: =countifs(Game_Scores!J:J,I27,Game_Scores!B:B,G27) -> 0
G28: 16u Boys | H28: H | I28: Marlins | J28: =countifs(Game_Scores!J:J,I28,Game_Scores!B:B,G28) -> 0
G29: 16u Boys | H29: I | I29: Wolverines | J29: =countifs(Game_Scores!J:J,I29,Game_Scores!B:B,G29) -> 0
G30: 16u Boys | H30: I | I30: Team Orlando | J30: =countifs(Game_Scores!J:J,I30,Game_Scores!B:B,G30) -> 0
G31: 16u Boys | H31: I | I31: Seminole | J31: =countifs(Game_Scores!J:J,I31,Game_Scores!B:B,G31) -> 0
G32: 16u Boys | H32: I | I32: Dynamo | J32: =countifs(Game_Scores!J:J,I32,Game_Scores!B:B,G32) -> 0
G33: 18u Girls | H33: L | I33: Team Orlando | J33: =countifs(Game_Scores!J:J,I33,Game_Scores!B:B,G33) -> 0
G34: 18u Girls | H34: L | I34: Patriot | J34: =countifs(Game_Scores!J:J,I34,Game_Scores!B:B,G34) -> 0
... G49: Masters | H49: P | I49: Team Orlando Black | J49: =countifs(Game_Scores!J:J,I49,Game_Scores!B:B,G49) -> 0

Sheet Fun Stats
A1: ...just some overall numbers from the tournament.
A2: Don't take any of them too seriously.
A4: Division | B4: Dark Pts | C4: Light Pts | D4: Total | E4: No. Games | F4: Avg per Game
A5: 10u CoEd | B5: =round(SUMIFS(Game_Scores!G:G,Game_Scores!B:B,A3),0) -> 0 | C5: =round(SUMIFS(Game_Scores!I:I,Game_Scores!B:B,A5),0) -> 0 | D5: =SUM(B5:C5) -> 0 | E5: =COUNTIFS(Game_Scores!B:B,A5) -> 2 | F5: =D5/E5 -> 0
A6: 12u CoEd | B6: =round(SUMIFS(Game_Scores!G:G,Game_Scores!B:B,A4),0) -> 0 | C6: =round(SUMIFS(Game_Scores!I:I,Game_Scores!B:B,A6),0) -> 0 | D6: =SUM(B6:C6) -> 0 | E6: =COUNTIFS(Game_Scores!B:B,A6) -> 8 | F6: =D6/E6 -> 0
A7: 14u CoEd | B7: =round(SUMIFS(Game_Scores!G:G,Game_Scores!B:B,A2),0) -> 0 | C7: =round(SUMIFS(Game_Scores!I:I,Game_Scores!B:B,A7),0) -> 0 | D7: =SUM(B7:C7) -> 0 | E7: =COUNTIFS(Game_Scores!B:B,A7) -> 18 | F7: =D7/E7 -> 0
A8: 16u Girls | B8: =round(SUMIFS(Game_Scores!G:G,Game_Scores!B:B,A3),0) -> 0 | C8: =round(SUMIFS(Game_Scores!I:I,Game_Scores!B:B,A8),0) -> 0 | D8: =SUM(B8:C8) -> 0 | E8: =COUNTIFS(Game_Scores!B:B,A8) -> 13 | F8: =D8/E8 -> 0
A9: 16u Boys | B9: =round(SUMIFS(Game_Scores!G:G,Game_Scores!B:B,A4),0) -> 0 | C9: =round(SUMIFS(Game_Scores!I:I,Game_Scores!B:B,A9),0) -> 0 | D9: =SUM(B9:C9) -> 0 | E9: =COUNTIFS(Game_Scores!B:B,A9) -> 16 | F9: =D9/E9 -> 0
A10: 18u Girls | B10: =round(SUMIFS(Game_Scores!G:G,Game_Scores!B:B,A5),0) -> 0 | C10: =round(SUMIFS(Game_Scores!I:I,Game_Scores!B:B,A10),0) -> 0 | D10: =SUM(B10:C10) -> 0 | E10: =COUNTIFS(Game_Scores!B:B,A10) -> 3 | F10: =D10/E10 -> 0
A11: 18u Boys | B11: =round(SUMIFS(Game_Scores!G:G,Game_Scores!B:B,A11),0) -> 0 | C11: =round(SUMIFS(Game_Scores!I:I,Game_Scores!B:B,A11),0) -> 0 | D11: =SUM(B11:C11) -> 0 | E11: =COUNTIFS(Game_Scores!B:B,A11) -> 18 | F11: =D11/E11 -> 0
A12: Masters | B12: =round(SUMIFS(Game_Scores!G:G,Game_Scores!B:B,A12),0) -> 0 | C12: =round(SUMIFS(Game_Scores!I:I,Game_Scores!B:B,A12),0) -> 0 | D12: =SUM(B12:C12) -> 0 | E12: =COUNTIFS(Game_Scores!B:B,A12) -> 10 | F12: =D12/E12 -> 0
A15: Pool | B15: Dark Pts | C15: Light Pts | D15: Total Pts | E15: No. Games | F15: Avg per Game
A16: 1 | B16: =round(sumifs(Game_Scores!G:G,Game_Scores!D:D,A16),0) -> 0 | C16: =round(sumifs(Game_Scores!I:I,Game_Scores!D:D,A16),0) -> 0 | D16: =SUM(B16:C16) -> 0 | E16: =COUNTIF(Game_Scores!D:D,A16) -> 31 | F16: =D16/E16 -> 0
A17: 2 | B17: =round(sumifs(Game_Scores!G:G,Game_Scores!D:D,A17),0) -> 0 | C17: =round(sumifs(Game_Scores!I:I,Game_Scores!D:D,A17),0) -> 0 | D17: =SUM(B17:C17) -> 0 | E17: =COUNTIF(Game_Scores!D:D,A17) -> 29 | F17: =D17/E17 -> 0
A18: 3 | B18: =round(sumifs(Game_Scores!G:G,Game_Scores!D:D,A18),0) -> 0 | C18: =round(sumifs(Game_Scores!I:I,Game_Scores!D:D,A18),0) -> 0 | D18: =SUM(B18:C18) -> 0 | E18: =COUNTIF(Game_Scores!D:D,A18) -> 28 | F18: =D18/E18 -> 0
A21: Club | B21: Dark Pts | C21: Light Pts | D21: Total Pts | E21: Num Games | F21: Avg per Game
A22: Blue Dolfins | B22: =round(SUMIFS(Game_Scores!G:G,Game_Scores!F:F,A22),0) -> 0 | C22: =round(sumifs(Game_Scores!I:I,Game_Scores!H:H,A22),0) -> 0 | D22: =SUM(B22:C22) -> 0 | E22: =(countifs(Game_Scores!F:F,A22)+(countifs(Game_Scores!H:H,A22))) -> 2 | F22: =D22/(countifs(Game_Scores!F:F,A22)+(COUNTIFS(Game_Scores!H:H,A22))) -> 0
A23: Dynamo | B23: =round(SUMIFS(Game_Scores!G:G,Game_Scores!F:F,A23),0) -> 0 | C23: =round(sumifs(Game_Scores!I:I,Game_Scores!H:H,A23),0) -> 0 | D23: =SUM(B23:C23) -> 0 | E23: =(countifs(Game_Scores!F:F,A23)+(countifs(Game_Scores!H:H,A23))) -> 3 | F23: =D23/(countifs(Game_Scores!F:F,A23)+(COUNTIFS(Game_Scores!H:H,A23))) -> 0
A24: Gladiators | B24: =round(SUMIFS(Game_Scores!G:G,Game_Scores!F:F,A24),0) -> 0 | C24: =round(sumifs(Game_Scores!I:I,Game_Scores!H:H,A24),0) -> 0 | D24: =SUM(B24:C24) -> 0 | E24: =(countifs(Game_Scores!F:F,A24)+(countifs(Game_Scores!H:H,A24))) -> 10 | F24: =D24/(countifs(Game_Scores!F:F,A24)+(COUNTIFS(Game_Scores!H:H,A24))) -> 0
A25: Marlins | B25: =round(SUMIFS(Game_Scores!G:G,Game_Scores!F:F,A25),0) -> 0 | C25: =round(sumifs(Game_Scores!I:I,Game_Scores!H:H,A25),0) -> 0 | D25: =SUM(B25:C25) -> 0 | E25: =(countifs(Game_Scores!F:F,A25)+(countifs(Game_Scores!H:H,A25))) -> 5 | F25: =D25/(countifs(Game_Scores!F:F,A25)+(COUNTIFS(Game_Scores!H:H,A25))) -> 0
A26: Nextlevel | B26: =round(SUMIFS(Game_Scores!G:G,Game_Scores!F:F,A26),0) -> 0 | C26: =round(sumifs(Game_Scores!I:I,Game_Scores!H:H,A26),0) -> 0 | D26: =SUM(B26:C26) -> 0 | E26: =(countifs(Game_Scores!F:F,A26)+(countifs(Game_Scores!H:H,A26))) -> 2 | F26: =D26/(countifs(Game_Scores!F:F,A26)+(COUNTIFS(Game_Scores!H:H,A26))) -> 0
A27: North Idaho | B27: =round(SUMIFS(Game_Scores!G:G,Game_Scores!F:F,A27),0) -> 0 | C27: =round(sumifs(Game_Scores!I:I,Game_Scores!H:H,A27),0) -> 0 | D27: =SUM(B27:C27) -> 0 | E27: =(countifs(Game_Scores!F:F,A27)+(countifs(Game_Scores!H:H,A27))) -> 2 | F27: =D27/(countifs(Game_Scores!F:F,A27)+(COUNTIFS(Game_Scores!H:H,A27))) -> 0
A28: Orlando Thunder | B28: =round(SUMIFS(Game_Scores!G:G,Game_Scores!F:F,A28),0) -> 0 | C28: =round(sumifs(Game_Scores!I:I,Game_Scores!H:H,A28),0) -> 0 | D28: =SUM(B28:C28) -> 0 | E28: =(countifs(Game_Scores!F:F,A28)+(countifs(Game_Scores!H:H,A28))) -> 20 | F28: =D28/(countifs(Game_Scores!F:F,A28)+(COUNTIFS(Game_Scores!H:H,A28))) -> 0
A29: Orlando Thunder 14 | B29: =round(SUMIFS(Game_Scores!G:G,Game_Scores!F:F,A29),0) -> 0 | C29: =round(sumifs(Game_Scores!I:I,Game_Scores!H:H,A29),0) -> 0 | D29: =SUM(B29:C29) -> 0 | E29: =(countifs(Game_Scores!F:F,A29)+(countifs(Game_Scores!H:H,A29))) -> 2 | F29: =D29/(countifs(Game_Scores!F:F,A29)+(COUNTIFS(Game_Scores!H:H,A29))) -> 0
A30: Orlando United | B30: =round(SUMIFS(Game_Scores!G:G,Game_Scores!F:F,A30),0) -> 0 | C30: =round(sumifs(Game_Scores!I:I,Game_Scores!H:H,A30),0) -> 0 | D30: =SUM(B30:C30) -> 0 | E30: =(countifs(Game_Scores!F:F,A30)+(countifs(Game_Scores!H:H,A30))) -> 9 | F30: =D30/(countifs(Game_Scores!F:F,A30)+(COUNTIFS(Game_Scores!H:H,A30))) -> 0
A31: Patriot | B31: =round(SUMIFS(Game_Scores!G:G,Game_Scores!F:F,A31),0) -> 0 | C31: =round(sumifs(Game_Scores!I:I,Game_Scores!H:H,A31),0) -> 0 | D31: =SUM(B31:C31) -> 0 | E31: =(countifs(Game_Scores!F:F,A31)+(countifs(Game_Scores!H:H,A31))) -> 13 | F31: =D31/(countifs(Game_Scores!F:F,A31)+(COUNTIFS(Game_Scores!H:H,A31))) -> 0
A32: Seminole | B32: =round(SUMIFS(Game_Scores!G:G,Game_Scores!F:F,A32),0) -> 0 | C32: =round(sumifs(Game_Scores!I:I,Game_Scores!H:H,A32),0) -> 0 | D32: =SUM(B32:C32) -> 0 | E32: =(countifs(Game_Scores!F:F,A32)+(countifs(Game_Scores!H:H,A32))) -> 7 | F32: =D32/(countifs(Game_Scores!F:F,A32)+(COUNTIFS(Game_Scores!H:H,A32))) -> 0
A33: St. Andrews | B33: =round(SUMIFS(Game_Scores!G:G,Game_Scores!F:F,A33),0) -> 0 | C33: =round(sumifs(Game_Scores!I:I,Game_Scores!H:H,A33),0) -> 0 | D33: =SUM(B33:C33) -> 0 | E33: =(countifs(Game_Scores!F:F,A33)+(countifs(Game_Scores!H:H,A33))) -> 2 | F33: =D33/(countifs(Game_Scores!F:F,A33)+(COUNTIFS(Game_Scores!H:H,A33))) -> 0
... A39: Wolverines Yellow | B39: =round(SUMIFS(Game_Scores!G:G,Game_Scores!F:F,A39),0) -> 0 | C39: =round(sumifs(Game_Scores!I:I,Game_Scores!H:H,A39),0) -> 0 | D39: =SUM(B39:C39) -> 0 | E39: =(countifs(Game_Scores!F:F,A39)+(countifs(Game_Scores!H:H,A39))) -> 2 | F39: =D39/(countifs(Game_Scores!F:F,A39)+(COUNTIFS(Game_Scores!H:H,A39))) -> 0

Sheet ref_Clubs_Teams
A1: Abb | B1: Age | C1: Club | D1: Bracket
A2: TO | B2: 10U Mixed | C2: Team Orlando | D2: A
A3: THDR | B3: 10U Mixed | C3: Orlando Thunder | D3: A
A4: TO | B4: 12U Mixed | C4: Team Orlando | D4: B
A5: THDR | B5: 12U Mixed | C5: Orlando Thunder | D5: B
A6: GLAD | B6: 12U Mixed | C6: Gladiators | D6: B
A7: PATS | B7: 12U Mixed | C7: Patriot | D7: B
A8: TO | B8: 14U Mixed | C8: Team Orlando | D8: C
A9: WOLVBL | B9: 14U Mixed | C9: Wolverines Blue | D9: C
A10: PATS | B10: 14U Mixed | C10: Patriot | D10: C
A11: THDR | B11: 14U Mixed | C11: Orlando Thunder | D11: D
A12: STAND | B12: 14U Mixed | C12: St. Andrews | D12: D
... A47: TOBLK | B47: Masters | C47: Team Orlando Black | D47: P

Sheet _ref
A1: Team Names | B1: Column 1 | D1: Team Age | F1: Brackets
A2: --- | B2: -- | D2: ---- | F2: A
A3: Blue Dolfins | B3: BLUDOL | D3: 10u CoEd | F3: B
A4: Dynamo | B4: DYNAMO | D4: 12u CoEd | F4: C
A5: Gladiators | B5: GLAD | D5: 14u CoEd | F5: D
A6: Marlins | B6: MARLINS | D6: 16u Girls | F6: E
A7: Nextlevel | B7: NXLV | D7: 16u Boys | F7: F
A8: North Idaho | B8: NARWHAL | D8: 18u Girls | F8: G
A9: Orlando Thunder | B9: THDR | D9: 18u Boys | F9: H
A10: Orlando Thunder 14 | B10: THDR14 | D10: Masters | F10: I
A11: Orlando United | B11: UNIT | F11: J
A12: Patriot | B12: PATS | F12: K
A13: Seminole | B13: NOLES | F13: L
A14: St. Andrews | B14: STAND | F14: M
A15: Tampa | B15: TMPA | F15: N
A16: Team Orlando | B16: TO | F16: O
A17: Team Orlando Black | B17: TOBLK | F17: P
A18: Wolverines | B18: WOLV
A19: Wolverines Blue | B19: WOLVBL
A20: Wolverines Yellow | B20: WOLVYW
A21: 1E
A22: 1B
A23: 1C
A24: 1D
A25: 1E
A26: 1F
A27: 1G
A28: 1H
A29: 1J
A30: 1M
A31: 1N
A32: 1O
... A65: Loser - 54
